data/marbling_dataset_v2/L0/37.png,1.0,0.0,0.0,0.0,0.0,2.0,4.0,9.0,0.0,0.0,1.0,4.0,0
data/marbling_dataset_v2/L0/34.png,8.0,5.0,4.0,2.0,2.0,8.0,5.0,3.0,13.0,9.0,10.0,8.0,0
data/marbling_dataset_v2/L0/24.png,0.0,0.0,0.0,0.0,0.0,0.0,0.0,0.0,0.0,1.0,0.0,0.0,0
data/marbling_dataset_v2/L0/23.png,0.0,0.0,0.0,0.0,0.0,0.0,0.0,0.0,1.0,0.0,0.0,1.0,0
data/marbling_dataset_v2/L0/52.png,0.0,0.0,0.0,0.0,1.0,3.0,1.0,0.0,0.0,1.0,3.0,0.0,0
data/marbling_dataset_v2/L0/4.png,5.0,1.0,2.0,2.0,1.0,3.0,2.0,2.0,0.0,2.0,2.0,2.0,0
data/marbling_dataset_v2/L0/58.png,28.0,26.0,20.0,34.0,24.0,22.0,24.0,20.0,33.0,39.0,18.0,17.0,0
data/marbling_dataset_v2/L0/30.png,0.0,0.0,0.0,0.0,0.0,0.0,0.0,0.0,0.0,0.0,0.0,0.0,0
data/marbling_dataset_v2/L0/51.png,5.0,3.0,3.0,7.0,5.0,2.0,0.0,5.0,5.0,0.0,7.0,2.0,0
data/marbling_dataset_v2/L0/10.png,0.0,0.0,0.0,0.0,0.0,0.0,0.0,0.0,0.0,0.0,0.0,0.0,0
data/marbling_dataset_v2/L0/49.png,13.0,2.0,12.0,14.0,8.0,13.0,4.0,14.0,11.0,19.0,10.0,15.0,0
data/marbling_dataset_v2/L0/9.png,2.0,1.0,4.0,1.0,0.0,1.0,0.0,2.0,1.0,4.0,1.0,3.0,0
data/marbling_dataset_v2/L0/55.png,0.0,0.0,0.0,0.0,0.0,1.0,0.0,0.0,0.0,0.0,0.0,0.0,0
data/marbling_dataset_v2/L0/54.png,0.0,0.0,0.0,0.0,0.0,2.0,0.0,0.0,0.0,0.0,2.0,1.0,0
data/marbling_dataset_v2/L0/17.png,9.0,5.0,8.0,12.0,4.0,4.0,5.0,4.0,8.0,8.0,3.0,1.0,0
data/marbling_dataset_v2/L0/18.png,0.0,0.0,0.0,0.0,0.0,0.0,0.0,0.0,0.0,0.0,0.0,0.0,0
data/marbling_dataset_v2/L0/6.png,0.0,0.0,0.0,3.0,0.0,0.0,0.0,3.0,1.0,0.0,2.0,0.0,0
data/marbling_dataset_v2/L0/41.png,4.0,0.0,2.0,2.0,0.0,0.0,0.0,1.0,0.0,3.0,0.0,0.0,0
data/marbling_dataset_v2/L0/42.png,0.0,0.0,0.0,0.0,0.0,0.0,0.0,0.0,0.0,0.0,0.0,0.0,0
data/marbling_dataset_v2/L0/11.png,12.0,9.0,6.0,14.0,13.0,15.0,12.0,13.0,7.0,13.0,12.0,6.0,0
data/marbling_dataset_v2/L0/29.png,0.0,0.0,0.0,0.0,0.0,1.0,1.0,0.0,0.0,0.0,1.0,0.0,0
data/marbling_dataset_v2/L0/56.png,2.0,2.0,8.0,4.0,2.0,6.0,13.0,3.0,0.0,0.0,3.0,2.0,0
data/marbling_dataset_v2/L0/1.png,0.0,0.0,0.0,0.0,0.0,1.0,0.0,0.0,0.0,0.0,2.0,2.0,0
data/marbling_dataset_v2/L0/31.png,4.0,0.0,3.0,7.0,0.0,2.0,2.0,4.0,1.0,4.0,5.0,4.0,0
data/marbling_dataset_v2/L0/25.png,3.0,0.0,2.0,3.0,0.0,2.0,9.0,2.0,5.0,13.0,7.0,11.0,0
data/marbling_dataset_v2/L0/8.png,2.0,0.0,0.0,1.0,0.0,3.0,0.0,0.0,0.0,0.0,0.0,0.0,0
data/marbling_dataset_v2/L0/14.png,0.0,0.0,0.0,0.0,0.0,1.0,0.0,0.0,0.0,0.0,0.0,0.0,0
data/marbling_dataset_v2/L0/50.png,6.0,3.0,5.0,1.0,4.0,3.0,2.0,4.0,4.0,6.0,4.0,1.0,0
data/marbling_dataset_v2/L0/39.png,3.0,0.0,1.0,4.0,3.0,0.0,2.0,0.0,5.0,4.0,2.0,0.0,0
data/marbling_dataset_v2/L0/47.png,7.0,3.0,5.0,9.0,3.0,6.0,2.0,11.0,10.0,5.0,4.0,13.0,0
data/marbling_dataset_v2/L0/44.png,1.0,0.0,2.0,0.0,0.0,4.0,0.0,6.0,0.0,3.0,0.0,3.0,0
data/marbling_dataset_v2/L0/7.png,18.0,12.0,34.0,30.0,24.0,20.0,18.0,24.0,19.0,25.0,10.0,20.0,0
data/marbling_dataset_v2/L0/20.png,0.0,0.0,1.0,0.0,0.0,0.0,0.0,0.0,0.0,0.0,3.0,0.0,0
data/marbling_dataset_v2/L0/53.png,0.0,0.0,2.0,0.0,0.0,0.0,0.0,0.0,1.0,0.0,0.0,1.0,0
data/marbling_dataset_v2/L0/22.png,0.0,0.0,0.0,0.0,0.0,0.0,0.0,0.0,0.0,0.0,0.0,0.0,0
data/marbling_dataset_v2/L0/5.png,8.0,3.0,3.0,3.0,7.0,3.0,4.0,1.0,11.0,11.0,3.0,4.0,0
data/marbling_dataset_v2/L0/36.png,0.0,1.0,1.0,7.0,0.0,1.0,1.0,7.0,4.0,4.0,5.0,9.0,0
data/marbling_dataset_v2/L0/60.png,29.0,11.0,11.0,25.0,17.0,11.0,28.0,12.0,28.0,22.0,17.0,11.0,0
data/marbling_dataset_v2/L0/28.png,0.0,0.0,0.0,0.0,0.0,0.0,0.0,0.0,0.0,0.0,0.0,0.0,0
data/marbling_dataset_v2/L0/46.png,0.0,0.0,2.0,2.0,1.0,1.0,0.0,1.0,0.0,1.0,0.0,2.0,0
data/marbling_dataset_v2/L0/35.png,2.0,8.0,9.0,17.0,9.0,14.0,9.0,6.0,15.0,20.0,14.0,16.0,0
data/marbling_dataset_v2/L0/13.png,29.0,11.0,11.0,25.0,17.0,11.0,28.0,12.0,28.0,22.0,17.0,11.0,0
data/marbling_dataset_v2/L0/3.png,3.0,1.0,3.0,3.0,3.0,1.0,1.0,1.0,4.0,1.0,8.0,0.0,0
data/marbling_dataset_v2/L0/0.png,0.0,0.0,0.0,0.0,1.0,0.0,0.0,0.0,0.0,0.0,0.0,1.0,0
data/marbling_dataset_v2/L0/45.png,8.0,14.0,17.0,17.0,12.0,15.0,9.0,17.0,7.0,13.0,21.0,8.0,0
data/marbling_dataset_v2/L0/48.png,10.0,5.0,5.0,8.0,9.0,7.0,6.0,6.0,15.0,15.0,4.0,9.0,0
data/marbling_dataset_v2/L0/2.png,1.0,0.0,0.0,0.0,1.0,0.0,1.0,0.0,1.0,0.0,0.0,0.0,0
data/marbling_dataset_v2/L0/21.png,0.0,0.0,0.0,0.0,0.0,0.0,0.0,0.0,0.0,0.0,0.0,0.0,0
data/marbling_dataset_v2/L0/59.png,36.0,24.0,31.0,19.0,18.0,31.0,18.0,17.0,23.0,30.0,25.0,12.0,0
data/marbling_dataset_v2/L0/19.png,0.0,0.0,0.0,0.0,0.0,0.0,0.0,0.0,0.0,0.0,0.0,0.0,0
data/marbling_dataset_v2/L0/26.png,0.0,0.0,0.0,0.0,0.0,0.0,0.0,0.0,0.0,0.0,0.0,0.0,0
data/marbling_dataset_v2/L0/57.png,20.0,23.0,9.0,7.0,32.0,15.0,11.0,25.0,16.0,23.0,18.0,8.0,0
data/marbling_dataset_v2/L0/38.png,0.0,0.0,3.0,7.0,0.0,0.0,1.0,2.0,0.0,0.0,1.0,8.0,0
data/marbling_dataset_v2/L0/40.png,1.0,1.0,3.0,3.0,3.0,6.0,3.0,5.0,5.0,8.0,2.0,5.0,0
data/marbling_dataset_v2/L0/27.png,0.0,0.0,0.0,0.0,0.0,0.0,0.0,0.0,0.0,0.0,2.0,0.0,0
data/marbling_dataset_v2/L0/32.png,1.0,0.0,0.0,1.0,0.0,1.0,2.0,0.0,0.0,1.0,1.0,2.0,0
data/marbling_dataset_v2/L0/43.png,26.0,2.0,39.0,46.0,31.0,29.0,19.0,45.0,25.0,39.0,32.0,25.0,0
data/marbling_dataset_v2/L0/16.png,10.0,3.0,3.0,7.0,4.0,4.0,8.0,7.0,8.0,6.0,4.0,3.0,0
data/marbling_dataset_v2/L0/33.png,0.0,0.0,0.0,0.0,0.0,4.0,2.0,0.0,0.0,0.0,0.0,0.0,0
data/marbling_dataset_v2/L0/15.png,14.0,12.0,14.0,13.0,2.0,11.0,9.0,13.0,14.0,9.0,14.0,6.0,0
data/marbling_dataset_v2/L0/12.png,9.0,4.0,5.0,0.0,9.0,8.0,0.0,10.0,3.0,7.0,6.0,3.0,0
data/marbling_dataset_v2/L1/37.png,1.0,0.0,0.0,0.0,0.0,1.0,0.0,0.0,0.0,0.0,0.0,3.0,1
data/marbling_dataset_v2/L1/34.png,0.0,0.0,0.0,1.0,0.0,1.0,0.0,0.0,0.0,0.0,0.0,3.0,1
data/marbling_dataset_v2/L1/24.png,25.0,11.0,14.0,12.0,30.0,26.0,13.0,18.0,22.0,5.0,20.0,12.0,1
data/marbling_dataset_v2/L1/23.png,6.0,0.0,6.0,6.0,1.0,9.0,9.0,6.0,4.0,3.0,9.0,15.0,1
data/marbling_dataset_v2/L1/52.png,18.0,16.0,16.0,21.0,14.0,29.0,20.0,19.0,18.0,6.0,25.0,22.0,1
data/marbling_dataset_v2/L1/4.png,5.0,0.0,12.0,6.0,2.0,14.0,10.0,8.0,3.0,14.0,9.0,22.0,1
data/marbling_dataset_v2/L1/58.png,6.0,9.0,4.0,12.0,6.0,11.0,1.0,7.0,2.0,6.0,11.0,7.0,1
data/marbling_dataset_v2/L1/30.png,0.0,0.0,3.0,1.0,0.0,0.0,0.0,3.0,0.0,0.0,3.0,1.0,1
data/marbling_dataset_v2/L1/51.png,0.0,0.0,3.0,2.0,0.0,0.0,0.0,8.0,0.0,0.0,1.0,4.0,1
data/marbling_dataset_v2/L1/10.png,1.0,0.0,3.0,3.0,0.0,1.0,4.0,9.0,4.0,4.0,6.0,11.0,1
data/marbling_dataset_v2/L1/49.png,18.0,11.0,18.0,19.0,38.0,18.0,33.0,24.0,29.0,28.0,16.0,14.0,1
data/marbling_dataset_v2/L1/9.png,20.0,10.0,25.0,18.0,8.0,21.0,17.0,16.0,13.0,18.0,17.0,23.0,1
data/marbling_dataset_v2/L1/55.png,24.0,45.0,22.0,29.0,21.0,57.0,13.0,26.0,19.0,25.0,24.0,12.0,1
data/marbling_dataset_v2/L1/54.png,50.0,54.0,48.0,33.0,30.0,27.0,24.0,41.0,31.0,38.0,30.0,26.0,1
data/marbling_dataset_v2/L1/17.png,0.0,0.0,2.0,1.0,0.0,1.0,0.0,0.0,0.0,1.0,1.0,5.0,1
data/marbling_dataset_v2/L1/18.png,1.0,0.0,1.0,3.0,0.0,0.0,0.0,3.0,0.0,0.0,0.0,1.0,1
data/marbling_dataset_v2/L1/6.png,7.0,3.0,8.0,21.0,2.0,14.0,4.0,11.0,3.0,6.0,7.0,12.0,1
data/marbling_dataset_v2/L1/41.png,0.0,2.0,2.0,2.0,0.0,6.0,6.0,4.0,0.0,2.0,6.0,8.0,1
data/marbling_dataset_v2/L1/42.png,1.0,0.0,1.0,0.0,1.0,4.0,1.0,7.0,0.0,1.0,1.0,5.0,1
data/marbling_dataset_v2/L1/61.png,25.0,17.0,20.0,20.0,28.0,25.0,10.0,22.0,22.0,19.0,14.0,19.0,1
data/marbling_dataset_v2/L1/11.png,2.0,1.0,6.0,12.0,0.0,4.0,5.0,3.0,0.0,3.0,11.0,12.0,1
data/marbling_dataset_v2/L1/29.png,5.0,4.0,5.0,7.0,3.0,4.0,2.0,8.0,7.0,1.0,3.0,5.0,1
data/marbling_dataset_v2/L1/56.png,14.0,12.0,17.0,34.0,20.0,25.0,8.0,21.0,10.0,11.0,14.0,13.0,1
data/marbling_dataset_v2/L1/1.png,2.0,0.0,2.0,6.0,3.0,1.0,1.0,2.0,1.0,3.0,3.0,6.0,1
data/marbling_dataset_v2/L1/31.png,0.0,0.0,0.0,0.0,0.0,0.0,0.0,1.0,0.0,0.0,0.0,1.0,1
data/marbling_dataset_v2/L1/25.png,18.0,11.0,18.0,19.0,38.0,18.0,33.0,24.0,29.0,28.0,16.0,14.0,1
data/marbling_dataset_v2/L1/8.png,0.0,0.0,0.0,1.0,0.0,0.0,0.0,0.0,0.0,0.0,0.0,1.0,1
data/marbling_dataset_v2/L1/14.png,19.0,7.0,7.0,15.0,9.0,12.0,19.0,11.0,22.0,18.0,6.0,18.0,1
data/marbling_dataset_v2/L1/62.png,7.0,6.0,5.0,4.0,12.0,4.0,2.0,10.0,5.0,14.0,2.0,4.0,1
data/marbling_dataset_v2/L1/50.png,6.0,0.0,6.0,6.0,1.0,9.0,9.0,6.0,4.0,3.0,9.0,15.0,1
data/marbling_dataset_v2/L1/39.png,0.0,0.0,0.0,1.0,0.0,0.0,0.0,0.0,0.0,2.0,0.0,1.0,1
data/marbling_dataset_v2/L1/47.png,0.0,0.0,2.0,2.0,0.0,1.0,1.0,3.0,0.0,0.0,1.0,5.0,1
data/marbling_dataset_v2/L1/44.png,1.0,0.0,1.0,4.0,1.0,2.0,2.0,4.0,1.0,0.0,1.0,2.0,1
data/marbling_dataset_v2/L1/7.png,0.0,0.0,1.0,0.0,1.0,3.0,1.0,0.0,0.0,2.0,1.0,6.0,1
data/marbling_dataset_v2/L1/20.png,13.0,11.0,16.0,15.0,6.0,20.0,13.0,16.0,26.0,12.0,25.0,18.0,1
data/marbling_dataset_v2/L1/53.png,1.0,4.0,1.0,4.0,0.0,3.0,2.0,5.0,0.0,3.0,3.0,2.0,1
data/marbling_dataset_v2/L1/22.png,0.0,0.0,3.0,2.0,0.0,0.0,0.0,8.0,0.0,0.0,1.0,4.0,1
data/marbling_dataset_v2/L1/5.png,1.0,0.0,5.0,3.0,0.0,7.0,0.0,4.0,0.0,2.0,2.0,4.0,1
data/marbling_dataset_v2/L1/36.png,5.0,0.0,8.0,13.0,0.0,6.0,6.0,7.0,1.0,3.0,8.0,17.0,1
data/marbling_dataset_v2/L1/60.png,4.0,4.0,4.0,2.0,6.0,3.0,3.0,4.0,3.0,6.0,2.0,0.0,1
data/marbling_dataset_v2/L1/28.png,25.0,17.0,20.0,20.0,28.0,25.0,10.0,22.0,22.0,19.0,14.0,19.0,1
data/marbling_dataset_v2/L1/46.png,0.0,0.0,0.0,0.0,0.0,0.0,0.0,0.0,0.0,0.0,1.0,0.0,1
data/marbling_dataset_v2/L1/35.png,0.0,0.0,4.0,1.0,0.0,1.0,0.0,0.0,0.0,0.0,0.0,1.0,1
data/marbling_dataset_v2/L1/13.png,2.0,0.0,2.0,0.0,2.0,2.0,2.0,0.0,0.0,3.0,0.0,2.0,1
data/marbling_dataset_v2/L1/3.png,0.0,0.0,1.0,0.0,0.0,1.0,0.0,0.0,0.0,0.0,2.0,4.0,1
data/marbling_dataset_v2/L1/0.png,1.0,1.0,0.0,0.0,1.0,1.0,0.0,2.0,0.0,4.0,1.0,0.0,1
data/marbling_dataset_v2/L1/45.png,0.0,0.0,0.0,6.0,0.0,3.0,2.0,4.0,1.0,1.0,5.0,5.0,1
data/marbling_dataset_v2/L1/48.png,11.0,8.0,22.0,27.0,20.0,14.0,14.0,26.0,17.0,23.0,29.0,33.0,1
data/marbling_dataset_v2/L1/2.png,4.0,2.0,12.0,9.0,2.0,6.0,2.0,5.0,1.0,4.0,4.0,7.0,1
data/marbling_dataset_v2/L1/21.png,3.0,5.0,12.0,11.0,3.0,8.0,6.0,2.0,2.0,5.0,4.0,4.0,1
data/marbling_dataset_v2/L1/59.png,3.0,0.0,1.0,3.0,1.0,4.0,4.0,2.0,0.0,2.0,2.0,4.0,1
data/marbling_dataset_v2/L1/19.png,13.0,1.0,13.0,13.0,3.0,15.0,8.0,12.0,11.0,14.0,9.0,21.0,1
data/marbling_dataset_v2/L1/26.png,11.0,8.0,22.0,27.0,20.0,14.0,14.0,26.0,17.0,23.0,29.0,33.0,1
data/marbling_dataset_v2/L1/57.png,9.0,4.0,7.0,13.0,10.0,11.0,6.0,4.0,4.0,10.0,8.0,7.0,1
data/marbling_dataset_v2/L1/38.png,7.0,0.0,5.0,8.0,0.0,4.0,10.0,3.0,4.0,5.0,3.0,18.0,1
data/marbling_dataset_v2/L1/40.png,5.0,4.0,8.0,17.0,0.0,10.0,1.0,9.0,3.0,7.0,7.0,18.0,1
data/marbling_dataset_v2/L1/27.png,19.0,5.0,32.0,32.0,14.0,25.0,19.0,21.0,15.0,25.0,12.0,25.0,1
data/marbling_dataset_v2/L1/32.png,3.0,0.0,0.0,2.0,0.0,7.0,0.0,3.0,0.0,0.0,9.0,5.0,1
data/marbling_dataset_v2/L1/43.png,0.0,0.0,0.0,0.0,0.0,0.0,0.0,0.0,0.0,0.0,0.0,0.0,1
data/marbling_dataset_v2/L1/16.png,3.0,0.0,0.0,0.0,1.0,4.0,1.0,3.0,2.0,2.0,8.0,7.0,1
data/marbling_dataset_v2/L1/33.png,20.0,9.0,23.0,17.0,19.0,14.0,28.0,19.0,22.0,25.0,18.0,16.0,1
data/marbling_dataset_v2/L1/15.png,12.0,11.0,22.0,28.0,32.0,22.0,9.0,18.0,16.0,21.0,31.0,22.0,1
data/marbling_dataset_v2/L1/12.png,0.0,0.0,0.0,0.0,0.0,2.0,0.0,0.0,2.0,1.0,0.0,2.0,1
data/marbling_dataset_v2/L2/89.png,44.0,55.0,29.0,26.0,50.0,40.0,29.0,22.0,22.0,30.0,21.0,7.0,2
data/marbling_dataset_v2/L2/37.png,32.0,32.0,24.0,35.0,38.0,41.0,44.0,32.0,30.0,27.0,32.0,20.0,2
data/marbling_dataset_v2/L2/34.png,18.0,42.0,19.0,38.0,35.0,34.0,35.0,18.0,34.0,39.0,43.0,21.0,2
data/marbling_dataset_v2/L2/65.png,13.0,9.0,15.0,21.0,19.0,20.0,15.0,8.0,13.0,17.0,11.0,14.0,2
data/marbling_dataset_v2/L2/24.png,20.0,27.0,36.0,53.0,27.0,33.0,23.0,30.0,26.0,26.0,20.0,28.0,2
data/marbling_dataset_v2/L2/75.png,53.0,16.0,28.0,31.0,28.0,24.0,33.0,30.0,27.0,28.0,29.0,33.0,2
data/marbling_dataset_v2/L2/23.png,17.0,5.0,7.0,10.0,5.0,10.0,2.0,4.0,12.0,4.0,9.0,6.0,2
data/marbling_dataset_v2/L2/52.png,2.0,0.0,13.0,2.0,4.0,6.0,6.0,9.0,0.0,4.0,10.0,8.0,2
data/marbling_dataset_v2/L2/4.png,32.0,26.0,71.0,56.0,21.0,52.0,27.0,49.0,24.0,29.0,18.0,16.0,2
data/marbling_dataset_v2/L2/74.png,41.0,32.0,35.0,26.0,29.0,31.0,23.0,13.0,26.0,31.0,20.0,13.0,2
data/marbling_dataset_v2/L2/58.png,20.0,27.0,36.0,53.0,27.0,33.0,23.0,30.0,26.0,26.0,20.0,28.0,2
data/marbling_dataset_v2/L2/30.png,6.0,1.0,3.0,6.0,4.0,4.0,1.0,2.0,3.0,6.0,7.0,4.0,2
data/marbling_dataset_v2/L2/51.png,33.0,62.0,46.0,36.0,54.0,55.0,13.0,31.0,30.0,36.0,32.0,24.0,2
data/marbling_dataset_v2/L2/82.png,27.0,22.0,19.0,31.0,20.0,23.0,10.0,18.0,13.0,10.0,16.0,25.0,2
data/marbling_dataset_v2/L2/10.png,23.0,14.0,40.0,41.0,28.0,56.0,59.0,50.0,20.0,21.0,59.0,52.0,2
data/marbling_dataset_v2/L2/49.png,28.0,23.0,35.0,31.0,26.0,33.0,31.0,34.0,24.0,31.0,30.0,15.0,2
data/marbling_dataset_v2/L2/9.png,20.0,18.0,53.0,50.0,16.0,39.0,18.0,34.0,27.0,15.0,24.0,33.0,2
data/marbling_dataset_v2/L2/68.png,4.0,3.0,12.0,4.0,2.0,9.0,3.0,3.0,5.0,5.0,7.0,11.0,2
data/marbling_dataset_v2/L2/86.png,29.0,36.0,23.0,27.0,24.0,24.0,11.0,17.0,22.0,15.0,16.0,27.0,2
data/marbling_dataset_v2/L2/55.png,0.0,0.0,1.0,0.0,1.0,0.0,0.0,0.0,0.0,0.0,0.0,0.0,2
data/marbling_dataset_v2/L2/54.png,19.0,6.0,13.0,8.0,15.0,20.0,16.0,16.0,16.0,18.0,12.0,24.0,2
data/marbling_dataset_v2/L2/17.png,0.0,3.0,7.0,5.0,3.0,7.0,2.0,5.0,10.0,4.0,7.0,2.0,2
data/marbling_dataset_v2/L2/18.png,15.0,9.0,30.0,15.0,13.0,21.0,5.0,20.0,5.0,6.0,9.0,8.0,2
data/marbling_dataset_v2/L2/6.png,12.0,10.0,10.0,29.0,13.0,20.0,38.0,30.0,23.0,21.0,22.0,14.0,2
data/marbling_dataset_v2/L2/76.png,28.0,19.0,42.0,40.0,12.0,34.0,32.0,27.0,34.0,22.0,33.0,28.0,2
data/marbling_dataset_v2/L2/80.png,17.0,15.0,19.0,12.0,22.0,15.0,21.0,16.0,18.0,28.0,17.0,15.0,2
data/marbling_dataset_v2/L2/41.png,14.0,9.0,31.0,29.0,9.0,20.0,23.0,30.0,16.0,9.0,25.0,32.0,2
data/marbling_dataset_v2/L2/42.png,52.0,47.0,20.0,46.0,33.0,35.0,46.0,26.0,31.0,46.0,39.0,23.0,2
data/marbling_dataset_v2/L2/61.png,12.0,8.0,25.0,11.0,7.0,18.0,12.0,12.0,5.0,17.0,17.0,13.0,2
data/marbling_dataset_v2/L2/11.png,34.0,20.0,54.0,47.0,32.0,57.0,33.0,40.0,29.0,25.0,41.0,36.0,2
data/marbling_dataset_v2/L2/29.png,1.0,0.0,3.0,4.0,0.0,1.0,1.0,2.0,1.0,1.0,0.0,2.0,2
data/marbling_dataset_v2/L2/56.png,16.0,15.0,24.0,21.0,16.0,16.0,6.0,16.0,12.0,8.0,8.0,18.0,2
data/marbling_dataset_v2/L2/1.png,26.0,3.0,33.0,31.0,8.0,31.0,21.0,44.0,27.0,19.0,18.0,31.0,2
data/marbling_dataset_v2/L2/31.png,2.0,1.0,6.0,1.0,1.0,3.0,3.0,2.0,5.0,0.0,9.0,5.0,2
data/marbling_dataset_v2/L2/83.png,5.0,5.0,6.0,9.0,8.0,14.0,10.0,7.0,4.0,10.0,25.0,12.0,2
data/marbling_dataset_v2/L2/85.png,36.0,41.0,33.0,38.0,40.0,31.0,30.0,26.0,37.0,15.0,30.0,11.0,2
data/marbling_dataset_v2/L2/25.png,8.0,1.0,9.0,8.0,7.0,12.0,4.0,4.0,1.0,7.0,4.0,3.0,2
data/marbling_dataset_v2/L2/8.png,44.0,23.0,40.0,51.0,28.0,46.0,36.0,44.0,23.0,28.0,54.0,17.0,2
data/marbling_dataset_v2/L2/70.png,11.0,1.0,16.0,10.0,8.0,14.0,5.0,19.0,3.0,7.0,15.0,15.0,2
data/marbling_dataset_v2/L2/67.png,17.0,5.0,7.0,10.0,5.0,10.0,2.0,4.0,12.0,4.0,9.0,6.0,2
data/marbling_dataset_v2/L2/14.png,1.0,0.0,3.0,3.0,0.0,3.0,2.0,3.0,1.0,9.0,6.0,6.0,2
data/marbling_dataset_v2/L2/62.png,41.0,25.0,50.0,45.0,45.0,51.0,30.0,35.0,29.0,37.0,62.0,26.0,2
data/marbling_dataset_v2/L2/81.png,23.0,9.0,27.0,32.0,23.0,35.0,14.0,20.0,17.0,12.0,21.0,21.0,2
data/marbling_dataset_v2/L2/50.png,35.0,21.0,32.0,47.0,39.0,46.0,34.0,34.0,40.0,35.0,55.0,27.0,2
data/marbling_dataset_v2/L2/39.png,23.0,15.0,34.0,42.0,19.0,33.0,31.0,42.0,26.0,38.0,37.0,37.0,2
data/marbling_dataset_v2/L2/77.png,9.0,2.0,8.0,13.0,4.0,8.0,7.0,5.0,5.0,12.0,21.0,22.0,2
data/marbling_dataset_v2/L2/47.png,43.0,43.0,30.0,24.0,29.0,42.0,32.0,27.0,33.0,19.0,40.0,25.0,2
data/marbling_dataset_v2/L2/44.png,25.0,23.0,21.0,28.0,17.0,39.0,26.0,32.0,16.0,27.0,31.0,26.0,2
data/marbling_dataset_v2/L2/7.png,37.0,12.0,42.0,54.0,14.0,31.0,27.0,38.0,15.0,25.0,43.0,48.0,2
data/marbling_dataset_v2/L2/20.png,8.0,5.0,5.0,12.0,5.0,8.0,4.0,4.0,8.0,4.0,3.0,7.0,2
data/marbling_dataset_v2/L2/53.png,18.0,18.0,27.0,15.0,17.0,28.0,11.0,15.0,16.0,10.0,12.0,10.0,2
data/marbling_dataset_v2/L2/22.png,4.0,3.0,12.0,4.0,2.0,9.0,3.0,3.0,5.0,5.0,7.0,11.0,2
data/marbling_dataset_v2/L2/5.png,2.0,0.0,10.0,4.0,2.0,7.0,2.0,10.0,5.0,5.0,3.0,5.0,2
data/marbling_dataset_v2/L2/36.png,22.0,13.0,34.0,25.0,21.0,25.0,16.0,23.0,19.0,18.0,24.0,17.0,2
data/marbling_dataset_v2/L2/60.png,8.0,1.0,9.0,8.0,7.0,12.0,4.0,4.0,1.0,7.0,4.0,3.0,2
data/marbling_dataset_v2/L2/78.png,31.0,37.0,38.0,32.0,31.0,40.0,10.0,22.0,35.0,16.0,27.0,23.0,2
data/marbling_dataset_v2/L2/28.png,2.0,0.0,4.0,9.0,0.0,4.0,4.0,7.0,1.0,0.0,3.0,6.0,2
data/marbling_dataset_v2/L2/46.png,41.0,21.0,54.0,40.0,27.0,62.0,23.0,33.0,18.0,49.0,36.0,32.0,2
data/marbling_dataset_v2/L2/79.png,18.0,14.0,28.0,30.0,8.0,30.0,24.0,21.0,13.0,19.0,18.0,25.0,2
data/marbling_dataset_v2/L2/66.png,51.0,43.0,47.0,34.0,55.0,38.0,31.0,32.0,41.0,30.0,41.0,19.0,2
data/marbling_dataset_v2/L2/35.png,36.0,34.0,36.0,55.0,14.0,54.0,38.0,56.0,19.0,19.0,31.0,38.0,2
data/marbling_dataset_v2/L2/13.png,12.0,3.0,21.0,19.0,7.0,10.0,14.0,13.0,8.0,11.0,9.0,24.0,2
data/marbling_dataset_v2/L2/3.png,21.0,21.0,32.0,50.0,30.0,43.0,41.0,52.0,29.0,30.0,42.0,41.0,2
data/marbling_dataset_v2/L2/69.png,35.0,18.0,23.0,19.0,29.0,26.0,13.0,8.0,25.0,19.0,25.0,16.0,2
data/marbling_dataset_v2/L2/0.png,24.0,3.0,10.0,9.0,16.0,10.0,13.0,13.0,12.0,17.0,13.0,8.0,2
data/marbling_dataset_v2/L2/45.png,33.0,32.0,38.0,51.0,31.0,36.0,33.0,37.0,22.0,22.0,32.0,16.0,2
data/marbling_dataset_v2/L2/48.png,29.0,63.0,25.0,34.0,31.0,39.0,38.0,31.0,24.0,56.0,40.0,30.0,2
data/marbling_dataset_v2/L2/2.png,23.0,24.0,49.0,39.0,22.0,64.0,28.0,46.0,17.0,36.0,59.0,38.0,2
data/marbling_dataset_v2/L2/87.png,11.0,5.0,14.0,20.0,11.0,10.0,11.0,13.0,10.0,8.0,15.0,14.0,2
data/marbling_dataset_v2/L2/21.png,1.0,1.0,9.0,11.0,2.0,10.0,3.0,11.0,4.0,1.0,5.0,7.0,2
data/marbling_dataset_v2/L2/59.png,25.0,17.0,20.0,17.0,17.0,12.0,11.0,14.0,28.0,18.0,14.0,5.0,2
data/marbling_dataset_v2/L2/19.png,2.0,0.0,5.0,4.0,1.0,2.0,0.0,4.0,0.0,0.0,0.0,7.0,2
data/marbling_dataset_v2/L2/71.png,11.0,9.0,15.0,14.0,18.0,16.0,5.0,9.0,14.0,8.0,13.0,10.0,2
data/marbling_dataset_v2/L2/26.png,19.0,6.0,13.0,8.0,15.0,20.0,16.0,16.0,16.0,18.0,12.0,24.0,2
data/marbling_dataset_v2/L2/63.png,15.0,25.0,40.0,34.0,13.0,20.0,13.0,28.0,9.0,20.0,13.0,19.0,2
data/marbling_dataset_v2/L2/57.png,18.0,10.0,12.0,17.0,10.0,18.0,21.0,15.0,12.0,9.0,17.0,29.0,2
data/marbling_dataset_v2/L2/73.png,1.0,1.0,9.0,11.0,2.0,10.0,3.0,11.0,4.0,1.0,5.0,7.0,2
data/marbling_dataset_v2/L2/38.png,33.0,48.0,44.0,48.0,32.0,31.0,40.0,52.0,18.0,24.0,33.0,26.0,2
data/marbling_dataset_v2/L2/40.png,40.0,49.0,41.0,51.0,15.0,59.0,46.0,57.0,20.0,34.0,20.0,20.0,2
data/marbling_dataset_v2/L2/27.png,0.0,0.0,1.0,0.0,1.0,0.0,0.0,0.0,0.0,0.0,0.0,0.0,2
data/marbling_dataset_v2/L2/32.png,0.0,0.0,4.0,3.0,0.0,1.0,2.0,4.0,0.0,0.0,6.0,4.0,2
data/marbling_dataset_v2/L2/88.png,15.0,35.0,22.0,25.0,18.0,26.0,16.0,16.0,21.0,8.0,23.0,7.0,2
data/marbling_dataset_v2/L2/43.png,8.0,3.0,22.0,5.0,7.0,3.0,10.0,8.0,3.0,8.0,3.0,10.0,2
data/marbling_dataset_v2/L2/16.png,1.0,0.0,4.0,0.0,2.0,1.0,0.0,0.0,0.0,1.0,2.0,2.0,2
data/marbling_dataset_v2/L2/33.png,24.0,16.0,28.0,19.0,13.0,15.0,18.0,25.0,17.0,23.0,26.0,20.0,2
data/marbling_dataset_v2/L2/15.png,0.0,0.0,13.0,3.0,0.0,3.0,1.0,7.0,1.0,1.0,0.0,9.0,2
data/marbling_dataset_v2/L2/84.png,39.0,23.0,19.0,27.0,27.0,29.0,39.0,30.0,31.0,19.0,27.0,20.0,2
data/marbling_dataset_v2/L2/64.png,36.0,27.0,16.0,28.0,34.0,30.0,19.0,33.0,40.0,19.0,27.0,26.0,2
data/marbling_dataset_v2/L2/72.png,5.0,5.0,6.0,7.0,1.0,4.0,1.0,5.0,6.0,1.0,6.0,3.0,2
data/marbling_dataset_v2/L2/12.png,33.0,24.0,68.0,56.0,24.0,52.0,18.0,42.0,22.0,41.0,34.0,28.0,2
data/marbling_dataset_v2/L3/37.png,2.0,5.0,12.0,6.0,10.0,7.0,7.0,6.0,8.0,8.0,8.0,8.0,3
data/marbling_dataset_v2/L3/34.png,4.0,9.0,20.0,28.0,18.0,26.0,10.0,16.0,13.0,10.0,15.0,33.0,3
data/marbling_dataset_v2/L3/65.png,39.0,49.0,19.0,34.0,35.0,33.0,44.0,30.0,36.0,32.0,30.0,14.0,3
data/marbling_dataset_v2/L3/24.png,4.0,2.0,11.0,8.0,1.0,1.0,7.0,19.0,1.0,3.0,4.0,18.0,3
data/marbling_dataset_v2/L3/75.png,18.0,4.0,14.0,15.0,11.0,18.0,9.0,11.0,9.0,5.0,15.0,16.0,3
data/marbling_dataset_v2/L3/23.png,2.0,2.0,11.0,5.0,3.0,14.0,10.0,2.0,5.0,4.0,10.0,13.0,3
data/marbling_dataset_v2/L3/52.png,42.0,39.0,46.0,36.0,34.0,38.0,33.0,36.0,31.0,60.0,44.0,24.0,3
data/marbling_dataset_v2/L3/4.png,37.0,18.0,56.0,59.0,15.0,35.0,38.0,59.0,22.0,29.0,44.0,59.0,3
data/marbling_dataset_v2/L3/74.png,9.0,7.0,5.0,10.0,5.0,3.0,8.0,4.0,4.0,0.0,9.0,8.0,3
data/marbling_dataset_v2/L3/58.png,27.0,22.0,26.0,51.0,34.0,22.0,46.0,43.0,29.0,30.0,29.0,31.0,3
data/marbling_dataset_v2/L3/30.png,16.0,2.0,15.0,20.0,3.0,14.0,7.0,29.0,9.0,6.0,12.0,11.0,3
data/marbling_dataset_v2/L3/51.png,26.0,34.0,34.0,34.0,32.0,43.0,37.0,55.0,35.0,27.0,33.0,32.0,3
data/marbling_dataset_v2/L3/10.png,22.0,13.0,46.0,66.0,16.0,39.0,30.0,48.0,25.0,23.0,26.0,30.0,3
data/marbling_dataset_v2/L3/49.png,27.0,24.0,38.0,41.0,27.0,46.0,38.0,26.0,21.0,25.0,46.0,27.0,3
data/marbling_dataset_v2/L3/9.png,17.0,24.0,32.0,20.0,24.0,37.0,9.0,17.0,11.0,27.0,27.0,27.0,3
data/marbling_dataset_v2/L3/68.png,20.0,14.0,40.0,47.0,35.0,56.0,36.0,48.0,20.0,23.0,48.0,23.0,3
data/marbling_dataset_v2/L3/55.png,54.0,22.0,49.0,46.0,17.0,50.0,29.0,51.0,45.0,23.0,36.0,31.0,3
data/marbling_dataset_v2/L3/54.png,23.0,11.0,40.0,25.0,20.0,54.0,20.0,32.0,19.0,28.0,36.0,36.0,3
data/marbling_dataset_v2/L3/17.png,1.0,2.0,3.0,5.0,4.0,5.0,4.0,13.0,4.0,9.0,1.0,2.0,3
data/marbling_dataset_v2/L3/18.png,5.0,3.0,11.0,10.0,11.0,9.0,7.0,10.0,14.0,9.0,4.0,10.0,3
data/marbling_dataset_v2/L3/6.png,7.0,2.0,18.0,24.0,4.0,25.0,5.0,11.0,3.0,8.0,11.0,18.0,3
data/marbling_dataset_v2/L3/76.png,1.0,0.0,0.0,2.0,0.0,0.0,0.0,0.0,0.0,0.0,1.0,1.0,3
data/marbling_dataset_v2/L3/41.png,1.0,1.0,7.0,5.0,6.0,9.0,5.0,2.0,8.0,2.0,4.0,6.0,3
data/marbling_dataset_v2/L3/42.png,10.0,8.0,8.0,11.0,16.0,7.0,4.0,10.0,7.0,7.0,3.0,11.0,3
data/marbling_dataset_v2/L3/61.png,37.0,16.0,55.0,44.0,16.0,41.0,31.0,60.0,35.0,23.0,36.0,30.0,3
data/marbling_dataset_v2/L3/11.png,33.0,47.0,50.0,30.0,25.0,36.0,44.0,25.0,37.0,24.0,37.0,20.0,3
data/marbling_dataset_v2/L3/29.png,5.0,7.0,12.0,16.0,0.0,14.0,11.0,8.0,3.0,3.0,10.0,12.0,3
data/marbling_dataset_v2/L3/56.png,22.0,20.0,40.0,35.0,18.0,34.0,27.0,36.0,12.0,30.0,22.0,29.0,3
data/marbling_dataset_v2/L3/1.png,27.0,29.0,55.0,49.0,19.0,43.0,58.0,41.0,19.0,35.0,48.0,51.0,3
data/marbling_dataset_v2/L3/31.png,7.0,4.0,7.0,16.0,10.0,14.0,6.0,11.0,9.0,12.0,13.0,22.0,3
data/marbling_dataset_v2/L3/25.png,7.0,0.0,12.0,10.0,3.0,11.0,10.0,10.0,6.0,8.0,7.0,16.0,3
data/marbling_dataset_v2/L3/8.png,34.0,22.0,61.0,55.0,27.0,60.0,46.0,45.0,19.0,33.0,35.0,45.0,3
data/marbling_dataset_v2/L3/70.png,32.0,27.0,39.0,32.0,22.0,37.0,48.0,39.0,37.0,28.0,46.0,23.0,3
data/marbling_dataset_v2/L3/67.png,20.0,11.0,54.0,48.0,23.0,48.0,14.0,27.0,25.0,24.0,19.0,31.0,3
data/marbling_dataset_v2/L3/14.png,14.0,3.0,39.0,17.0,8.0,31.0,4.0,15.0,4.0,9.0,24.0,33.0,3
data/marbling_dataset_v2/L3/62.png,40.0,45.0,38.0,43.0,45.0,45.0,50.0,29.0,29.0,41.0,44.0,29.0,3
data/marbling_dataset_v2/L3/50.png,30.0,51.0,39.0,48.0,32.0,47.0,60.0,34.0,29.0,43.0,41.0,35.0,3
data/marbling_dataset_v2/L3/39.png,2.0,1.0,3.0,5.0,4.0,6.0,3.0,3.0,1.0,4.0,2.0,3.0,3
data/marbling_dataset_v2/L3/77.png,10.0,4.0,12.0,2.0,10.0,3.0,3.0,7.0,1.0,9.0,9.0,5.0,3
data/marbling_dataset_v2/L3/47.png,0.0,0.0,3.0,2.0,1.0,7.0,2.0,5.0,3.0,2.0,1.0,0.0,3
data/marbling_dataset_v2/L3/44.png,2.0,8.0,9.0,8.0,20.0,12.0,4.0,6.0,8.0,4.0,12.0,5.0,3
data/marbling_dataset_v2/L3/7.png,24.0,18.0,56.0,40.0,36.0,51.0,34.0,16.0,25.0,27.0,46.0,30.0,3
data/marbling_dataset_v2/L3/20.png,6.0,6.0,15.0,11.0,7.0,6.0,15.0,16.0,23.0,10.0,15.0,14.0,3
data/marbling_dataset_v2/L3/53.png,0.0,0.0,5.0,0.0,0.0,1.0,0.0,3.0,0.0,0.0,1.0,0.0,3
data/marbling_dataset_v2/L3/22.png,12.0,4.0,6.0,3.0,5.0,5.0,9.0,10.0,4.0,11.0,5.0,11.0,3
data/marbling_dataset_v2/L3/5.png,21.0,5.0,29.0,40.0,19.0,22.0,24.0,37.0,17.0,19.0,33.0,48.0,3
data/marbling_dataset_v2/L3/36.png,6.0,2.0,5.0,8.0,5.0,7.0,6.0,4.0,4.0,6.0,9.0,7.0,3
data/marbling_dataset_v2/L3/60.png,22.0,6.0,24.0,15.0,10.0,23.0,4.0,21.0,3.0,12.0,8.0,15.0,3
data/marbling_dataset_v2/L3/78.png,1.0,2.0,7.0,3.0,2.0,9.0,1.0,7.0,4.0,5.0,2.0,4.0,3
data/marbling_dataset_v2/L3/28.png,10.0,5.0,11.0,6.0,3.0,11.0,8.0,11.0,14.0,6.0,11.0,15.0,3
data/marbling_dataset_v2/L3/46.png,5.0,9.0,6.0,3.0,6.0,14.0,7.0,12.0,10.0,8.0,8.0,2.0,3
data/marbling_dataset_v2/L3/79.png,0.0,0.0,1.0,1.0,0.0,7.0,0.0,1.0,1.0,1.0,0.0,1.0,3
data/marbling_dataset_v2/L3/66.png,36.0,27.0,43.0,43.0,31.0,34.0,38.0,33.0,29.0,40.0,38.0,51.0,3
data/marbling_dataset_v2/L3/35.png,11.0,3.0,7.0,2.0,3.0,6.0,4.0,4.0,6.0,5.0,13.0,8.0,3
data/marbling_dataset_v2/L3/13.png,19.0,11.0,52.0,48.0,17.0,51.0,32.0,48.0,17.0,26.0,34.0,42.0,3
data/marbling_dataset_v2/L3/3.png,12.0,0.0,5.0,3.0,2.0,10.0,5.0,4.0,3.0,2.0,9.0,4.0,3
data/marbling_dataset_v2/L3/69.png,29.0,22.0,54.0,62.0,17.0,53.0,23.0,65.0,26.0,33.0,56.0,43.0,3
data/marbling_dataset_v2/L3/0.png,47.0,19.0,51.0,37.0,28.0,51.0,21.0,37.0,37.0,27.0,25.0,20.0,3
data/marbling_dataset_v2/L3/45.png,3.0,0.0,15.0,18.0,4.0,9.0,6.0,8.0,7.0,2.0,7.0,5.0,3
data/marbling_dataset_v2/L3/48.png,1.0,1.0,6.0,0.0,1.0,4.0,1.0,2.0,4.0,1.0,2.0,3.0,3
data/marbling_dataset_v2/L3/2.png,6.0,4.0,9.0,14.0,9.0,9.0,8.0,7.0,4.0,5.0,11.0,7.0,3
data/marbling_dataset_v2/L3/21.png,8.0,7.0,4.0,6.0,15.0,7.0,14.0,7.0,13.0,18.0,5.0,5.0,3
data/marbling_dataset_v2/L3/59.png,16.0,21.0,47.0,41.0,30.0,48.0,25.0,47.0,16.0,28.0,43.0,42.0,3
data/marbling_dataset_v2/L3/19.png,21.0,7.0,16.0,17.0,17.0,22.0,33.0,8.0,25.0,24.0,36.0,24.0,3
data/marbling_dataset_v2/L3/71.png,48.0,37.0,30.0,33.0,39.0,39.0,24.0,36.0,29.0,33.0,39.0,19.0,3
data/marbling_dataset_v2/L3/26.png,17.0,19.0,32.0,24.0,23.0,33.0,18.0,27.0,27.0,22.0,26.0,20.0,3
data/marbling_dataset_v2/L3/63.png,10.0,0.0,20.0,22.0,4.0,16.0,5.0,13.0,3.0,5.0,9.0,14.0,3
data/marbling_dataset_v2/L3/57.png,44.0,48.0,55.0,46.0,46.0,43.0,27.0,32.0,18.0,23.0,43.0,57.0,3
data/marbling_dataset_v2/L3/73.png,51.0,43.0,55.0,49.0,27.0,39.0,22.0,34.0,41.0,21.0,33.0,29.0,3
data/marbling_dataset_v2/L3/38.png,13.0,5.0,20.0,22.0,13.0,35.0,15.0,19.0,19.0,23.0,33.0,25.0,3
data/marbling_dataset_v2/L3/40.png,2.0,7.0,11.0,7.0,8.0,6.0,4.0,9.0,3.0,12.0,14.0,9.0,3
data/marbling_dataset_v2/L3/27.png,2.0,0.0,4.0,5.0,1.0,0.0,0.0,5.0,0.0,3.0,3.0,0.0,3
data/marbling_dataset_v2/L3/32.png,4.0,2.0,7.0,9.0,10.0,16.0,8.0,10.0,5.0,12.0,6.0,5.0,3
data/marbling_dataset_v2/L3/43.png,2.0,2.0,6.0,0.0,10.0,1.0,2.0,0.0,2.0,1.0,7.0,6.0,3
data/marbling_dataset_v2/L3/16.png,6.0,0.0,6.0,11.0,1.0,3.0,4.0,17.0,5.0,10.0,9.0,18.0,3
data/marbling_dataset_v2/L3/33.png,4.0,0.0,1.0,4.0,4.0,0.0,4.0,7.0,3.0,1.0,1.0,2.0,3
data/marbling_dataset_v2/L3/15.png,32.0,48.0,46.0,50.0,41.0,47.0,30.0,47.0,26.0,21.0,34.0,28.0,3
data/marbling_dataset_v2/L3/64.png,31.0,38.0,34.0,46.0,31.0,34.0,43.0,44.0,21.0,33.0,35.0,42.0,3
data/marbling_dataset_v2/L3/72.png,57.0,74.0,55.0,40.0,27.0,47.0,36.0,19.0,25.0,29.0,31.0,25.0,3
data/marbling_dataset_v2/L3/12.png,12.0,5.0,25.0,29.0,9.0,22.0,13.0,13.0,13.0,9.0,15.0,19.0,3
data/marbling_dataset_v2/L4/37.png,4.0,5.0,7.0,13.0,2.0,14.0,4.0,10.0,2.0,5.0,7.0,10.0,4
data/marbling_dataset_v2/L4/34.png,2.0,4.0,3.0,8.0,7.0,2.0,8.0,8.0,9.0,7.0,7.0,9.0,4
data/marbling_dataset_v2/L4/65.png,11.0,7.0,17.0,30.0,15.0,12.0,22.0,18.0,11.0,14.0,11.0,22.0,4
data/marbling_dataset_v2/L4/24.png,6.0,4.0,13.0,10.0,9.0,11.0,10.0,5.0,10.0,7.0,4.0,6.0,4
data/marbling_dataset_v2/L4/75.png,23.0,33.0,14.0,22.0,27.0,17.0,39.0,32.0,28.0,22.0,17.0,26.0,4
data/marbling_dataset_v2/L4/23.png,17.0,13.0,17.0,20.0,20.0,16.0,27.0,27.0,16.0,13.0,28.0,12.0,4
data/marbling_dataset_v2/L4/52.png,30.0,26.0,48.0,42.0,25.0,33.0,14.0,29.0,20.0,39.0,30.0,25.0,4
data/marbling_dataset_v2/L4/4.png,7.0,0.0,7.0,6.0,7.0,8.0,1.0,9.0,7.0,8.0,5.0,7.0,4
data/marbling_dataset_v2/L4/74.png,5.0,7.0,3.0,7.0,6.0,17.0,6.0,9.0,5.0,9.0,6.0,6.0,4
data/marbling_dataset_v2/L4/58.png,17.0,19.0,24.0,14.0,11.0,26.0,16.0,21.0,9.0,13.0,28.0,25.0,4
data/marbling_dataset_v2/L4/30.png,8.0,8.0,12.0,10.0,10.0,6.0,7.0,2.0,6.0,9.0,6.0,2.0,4
data/marbling_dataset_v2/L4/51.png,20.0,19.0,27.0,25.0,19.0,25.0,22.0,25.0,30.0,27.0,18.0,21.0,4
data/marbling_dataset_v2/L4/10.png,12.0,30.0,14.0,14.0,9.0,23.0,10.0,5.0,19.0,9.0,8.0,2.0,4
data/marbling_dataset_v2/L4/49.png,10.0,7.0,8.0,16.0,12.0,6.0,4.0,11.0,8.0,12.0,7.0,7.0,4
data/marbling_dataset_v2/L4/9.png,5.0,9.0,5.0,14.0,22.0,12.0,5.0,3.0,13.0,6.0,10.0,14.0,4
data/marbling_dataset_v2/L4/68.png,6.0,2.0,5.0,12.0,2.0,10.0,5.0,10.0,5.0,10.0,10.0,7.0,4
data/marbling_dataset_v2/L4/55.png,10.0,5.0,9.0,15.0,12.0,8.0,13.0,6.0,12.0,14.0,10.0,14.0,4
data/marbling_dataset_v2/L4/54.png,3.0,3.0,16.0,14.0,4.0,27.0,8.0,8.0,6.0,6.0,10.0,6.0,4
data/marbling_dataset_v2/L4/17.png,1.0,0.0,7.0,2.0,0.0,10.0,3.0,3.0,1.0,0.0,6.0,7.0,4
data/marbling_dataset_v2/L4/18.png,8.0,16.0,14.0,4.0,3.0,9.0,9.0,6.0,9.0,11.0,4.0,8.0,4
data/marbling_dataset_v2/L4/6.png,33.0,22.0,49.0,57.0,27.0,38.0,30.0,44.0,15.0,19.0,59.0,44.0,4
data/marbling_dataset_v2/L4/76.png,1.0,4.0,5.0,8.0,4.0,3.0,3.0,1.0,9.0,6.0,9.0,4.0,4
data/marbling_dataset_v2/L4/80.png,27.0,5.0,24.0,21.0,11.0,19.0,6.0,10.0,19.0,18.0,16.0,18.0,4
data/marbling_dataset_v2/L4/41.png,15.0,7.0,10.0,16.0,11.0,11.0,9.0,12.0,10.0,5.0,2.0,13.0,4
data/marbling_dataset_v2/L4/42.png,10.0,3.0,6.0,15.0,6.0,8.0,4.0,2.0,7.0,0.0,6.0,8.0,4
data/marbling_dataset_v2/L4/61.png,9.0,4.0,17.0,15.0,4.0,8.0,9.0,7.0,2.0,3.0,8.0,7.0,4
data/marbling_dataset_v2/L4/11.png,6.0,0.0,3.0,7.0,4.0,9.0,1.0,11.0,9.0,10.0,2.0,8.0,4
data/marbling_dataset_v2/L4/29.png,15.0,4.0,14.0,9.0,9.0,11.0,11.0,8.0,17.0,4.0,12.0,16.0,4
data/marbling_dataset_v2/L4/56.png,8.0,3.0,9.0,8.0,6.0,6.0,5.0,8.0,2.0,5.0,4.0,3.0,4
data/marbling_dataset_v2/L4/1.png,42.0,22.0,66.0,33.0,16.0,55.0,14.0,44.0,25.0,28.0,38.0,36.0,4
data/marbling_dataset_v2/L4/31.png,15.0,9.0,5.0,15.0,13.0,4.0,11.0,12.0,9.0,12.0,10.0,9.0,4
data/marbling_dataset_v2/L4/25.png,11.0,11.0,4.0,10.0,10.0,10.0,24.0,5.0,19.0,21.0,14.0,14.0,4
data/marbling_dataset_v2/L4/8.png,14.0,6.0,22.0,23.0,9.0,28.0,5.0,21.0,18.0,17.0,12.0,12.0,4
data/marbling_dataset_v2/L4/70.png,5.0,3.0,1.0,12.0,12.0,5.0,3.0,2.0,5.0,7.0,14.0,4.0,4
data/marbling_dataset_v2/L4/67.png,3.0,2.0,17.0,6.0,13.0,8.0,5.0,11.0,4.0,2.0,3.0,9.0,4
data/marbling_dataset_v2/L4/14.png,25.0,15.0,41.0,48.0,14.0,40.0,46.0,52.0,15.0,29.0,52.0,43.0,4
data/marbling_dataset_v2/L4/62.png,4.0,8.0,9.0,15.0,21.0,6.0,8.0,9.0,8.0,10.0,14.0,5.0,4
data/marbling_dataset_v2/L4/50.png,29.0,9.0,29.0,22.0,14.0,24.0,9.0,13.0,16.0,34.0,40.0,26.0,4
data/marbling_dataset_v2/L4/39.png,11.0,20.0,23.0,23.0,18.0,24.0,14.0,21.0,17.0,9.0,18.0,20.0,4
data/marbling_dataset_v2/L4/77.png,10.0,5.0,15.0,17.0,9.0,11.0,12.0,13.0,6.0,9.0,23.0,24.0,4
data/marbling_dataset_v2/L4/47.png,21.0,19.0,38.0,37.0,11.0,35.0,26.0,20.0,36.0,35.0,32.0,36.0,4
data/marbling_dataset_v2/L4/44.png,4.0,16.0,18.0,9.0,7.0,9.0,15.0,6.0,7.0,6.0,3.0,20.0,4
data/marbling_dataset_v2/L4/7.png,38.0,17.0,73.0,49.0,19.0,60.0,15.0,57.0,28.0,37.0,50.0,33.0,4
data/marbling_dataset_v2/L4/20.png,3.0,2.0,4.0,1.0,5.0,4.0,1.0,1.0,8.0,4.0,7.0,10.0,4
data/marbling_dataset_v2/L4/53.png,35.0,8.0,27.0,32.0,24.0,28.0,16.0,31.0,32.0,24.0,38.0,23.0,4
data/marbling_dataset_v2/L4/22.png,10.0,7.0,8.0,17.0,17.0,19.0,7.0,11.0,12.0,13.0,10.0,9.0,4
data/marbling_dataset_v2/L4/5.png,3.0,2.0,2.0,4.0,3.0,4.0,6.0,7.0,7.0,6.0,2.0,8.0,4
data/marbling_dataset_v2/L4/36.png,8.0,1.0,4.0,2.0,12.0,15.0,4.0,3.0,4.0,7.0,8.0,4.0,4
data/marbling_dataset_v2/L4/60.png,2.0,2.0,5.0,18.0,3.0,16.0,1.0,16.0,5.0,4.0,12.0,9.0,4
data/marbling_dataset_v2/L4/78.png,4.0,4.0,3.0,7.0,8.0,7.0,6.0,3.0,3.0,3.0,3.0,1.0,4
data/marbling_dataset_v2/L4/28.png,5.0,3.0,1.0,4.0,8.0,3.0,4.0,4.0,6.0,7.0,9.0,1.0,4
data/marbling_dataset_v2/L4/46.png,1.0,3.0,10.0,9.0,6.0,8.0,6.0,14.0,9.0,4.0,8.0,9.0,4
data/marbling_dataset_v2/L4/79.png,7.0,5.0,13.0,19.0,6.0,24.0,8.0,24.0,5.0,20.0,24.0,37.0,4
data/marbling_dataset_v2/L4/66.png,2.0,1.0,5.0,4.0,1.0,1.0,1.0,4.0,0.0,4.0,6.0,2.0,4
data/marbling_dataset_v2/L4/35.png,22.0,11.0,22.0,37.0,30.0,40.0,20.0,21.0,32.0,28.0,43.0,29.0,4
data/marbling_dataset_v2/L4/13.png,14.0,7.0,15.0,18.0,14.0,22.0,13.0,15.0,18.0,16.0,15.0,16.0,4
data/marbling_dataset_v2/L4/3.png,7.0,1.0,0.0,8.0,4.0,4.0,5.0,4.0,0.0,1.0,1.0,3.0,4
data/marbling_dataset_v2/L4/69.png,5.0,5.0,19.0,16.0,8.0,22.0,9.0,12.0,8.0,5.0,8.0,11.0,4
data/marbling_dataset_v2/L4/0.png,1.0,0.0,7.0,2.0,1.0,0.0,2.0,3.0,1.0,1.0,2.0,3.0,4
data/marbling_dataset_v2/L4/45.png,27.0,3.0,28.0,33.0,20.0,17.0,14.0,26.0,15.0,21.0,23.0,35.0,4
data/marbling_dataset_v2/L4/48.png,11.0,6.0,10.0,7.0,9.0,22.0,8.0,11.0,3.0,9.0,14.0,6.0,4
data/marbling_dataset_v2/L4/2.png,30.0,35.0,52.0,30.0,26.0,49.0,33.0,40.0,22.0,26.0,37.0,22.0,4
data/marbling_dataset_v2/L4/21.png,7.0,4.0,6.0,6.0,2.0,4.0,9.0,0.0,0.0,7.0,9.0,4.0,4
data/marbling_dataset_v2/L4/59.png,6.0,3.0,5.0,12.0,7.0,16.0,3.0,6.0,15.0,7.0,9.0,8.0,4
data/marbling_dataset_v2/L4/19.png,11.0,3.0,11.0,14.0,8.0,11.0,14.0,17.0,17.0,14.0,18.0,16.0,4
data/marbling_dataset_v2/L4/71.png,3.0,6.0,11.0,5.0,4.0,12.0,10.0,10.0,5.0,9.0,4.0,5.0,4
data/marbling_dataset_v2/L4/26.png,4.0,6.0,5.0,6.0,10.0,8.0,17.0,13.0,15.0,8.0,10.0,18.0,4
data/marbling_dataset_v2/L4/63.png,1.0,1.0,1.0,2.0,3.0,4.0,5.0,1.0,2.0,5.0,1.0,1.0,4
data/marbling_dataset_v2/L4/57.png,8.0,4.0,7.0,14.0,7.0,8.0,5.0,9.0,13.0,3.0,5.0,7.0,4
data/marbling_dataset_v2/L4/73.png,17.0,14.0,32.0,35.0,13.0,29.0,20.0,22.0,25.0,20.0,27.0,17.0,4
data/marbling_dataset_v2/L4/38.png,3.0,0.0,7.0,8.0,5.0,3.0,5.0,4.0,3.0,9.0,4.0,7.0,4
data/marbling_dataset_v2/L4/40.png,11.0,13.0,18.0,15.0,6.0,9.0,21.0,10.0,11.0,7.0,15.0,7.0,4
data/marbling_dataset_v2/L4/27.png,13.0,9.0,13.0,9.0,14.0,7.0,10.0,16.0,12.0,19.0,21.0,15.0,4
data/marbling_dataset_v2/L4/32.png,9.0,9.0,8.0,8.0,10.0,8.0,12.0,8.0,12.0,10.0,10.0,9.0,4
data/marbling_dataset_v2/L4/43.png,5.0,1.0,12.0,14.0,2.0,9.0,6.0,10.0,9.0,9.0,14.0,8.0,4
data/marbling_dataset_v2/L4/16.png,13.0,19.0,23.0,30.0,36.0,15.0,17.0,22.0,33.0,28.0,12.0,14.0,4
data/marbling_dataset_v2/L4/33.png,21.0,15.0,20.0,25.0,24.0,18.0,12.0,30.0,12.0,30.0,31.0,19.0,4
data/marbling_dataset_v2/L4/15.png,27.0,19.0,47.0,50.0,25.0,36.0,35.0,34.0,27.0,41.0,52.0,28.0,4
data/marbling_dataset_v2/L4/64.png,7.0,5.0,7.0,10.0,7.0,9.0,7.0,8.0,3.0,8.0,8.0,11.0,4
data/marbling_dataset_v2/L4/72.png,1.0,0.0,2.0,2.0,0.0,0.0,3.0,1.0,6.0,3.0,1.0,6.0,4
data/marbling_dataset_v2/L4/12.png,24.0,7.0,44.0,29.0,23.0,26.0,24.0,32.0,32.0,27.0,40.0,29.0,4
data/marbling_dataset_v2/L5/37.png,21.0,16.0,23.0,10.0,26.0,16.0,31.0,14.0,28.0,33.0,23.0,12.0,5
data/marbling_dataset_v2/L5/34.png,2.0,8.0,12.0,6.0,8.0,9.0,12.0,1.0,7.0,7.0,7.0,5.0,5
data/marbling_dataset_v2/L5/65.png,6.0,5.0,11.0,7.0,3.0,4.0,18.0,5.0,11.0,6.0,10.0,11.0,5
data/marbling_dataset_v2/L5/24.png,15.0,17.0,9.0,14.0,25.0,18.0,9.0,13.0,15.0,13.0,16.0,6.0,5
data/marbling_dataset_v2/L5/75.png,11.0,5.0,25.0,27.0,11.0,10.0,12.0,24.0,12.0,10.0,28.0,27.0,5
data/marbling_dataset_v2/L5/23.png,20.0,11.0,13.0,17.0,24.0,20.0,14.0,14.0,12.0,21.0,24.0,13.0,5
data/marbling_dataset_v2/L5/52.png,19.0,4.0,28.0,21.0,22.0,27.0,16.0,25.0,26.0,42.0,24.0,19.0,5
data/marbling_dataset_v2/L5/4.png,40.0,37.0,28.0,36.0,63.0,37.0,41.0,45.0,36.0,45.0,33.0,24.0,5
data/marbling_dataset_v2/L5/74.png,8.0,6.0,6.0,4.0,8.0,10.0,3.0,5.0,11.0,9.0,4.0,10.0,5
data/marbling_dataset_v2/L5/58.png,3.0,2.0,3.0,7.0,3.0,2.0,1.0,4.0,4.0,3.0,3.0,4.0,5
data/marbling_dataset_v2/L5/30.png,12.0,15.0,14.0,12.0,5.0,8.0,12.0,7.0,11.0,8.0,10.0,12.0,5
data/marbling_dataset_v2/L5/51.png,5.0,3.0,8.0,6.0,9.0,8.0,10.0,10.0,5.0,6.0,13.0,2.0,5
data/marbling_dataset_v2/L5/82.png,3.0,5.0,9.0,7.0,4.0,9.0,7.0,8.0,14.0,11.0,5.0,6.0,5
data/marbling_dataset_v2/L5/10.png,5.0,9.0,16.0,19.0,11.0,18.0,8.0,13.0,11.0,16.0,25.0,4.0,5
data/marbling_dataset_v2/L5/49.png,14.0,17.0,29.0,37.0,20.0,20.0,11.0,29.0,6.0,9.0,19.0,21.0,5
data/marbling_dataset_v2/L5/9.png,11.0,4.0,17.0,15.0,11.0,9.0,15.0,12.0,10.0,12.0,14.0,4.0,5
data/marbling_dataset_v2/L5/68.png,10.0,4.0,42.0,31.0,8.0,24.0,10.0,19.0,11.0,13.0,37.0,29.0,5
data/marbling_dataset_v2/L5/86.png,12.0,5.0,3.0,6.0,8.0,4.0,7.0,7.0,9.0,4.0,7.0,7.0,5
data/marbling_dataset_v2/L5/55.png,2.0,3.0,8.0,11.0,4.0,9.0,13.0,3.0,5.0,8.0,12.0,4.0,5
data/marbling_dataset_v2/L5/54.png,11.0,9.0,29.0,34.0,14.0,28.0,18.0,18.0,6.0,17.0,24.0,38.0,5
data/marbling_dataset_v2/L5/17.png,10.0,18.0,10.0,14.0,12.0,5.0,7.0,7.0,4.0,12.0,8.0,12.0,5
data/marbling_dataset_v2/L5/18.png,24.0,20.0,44.0,37.0,33.0,29.0,41.0,30.0,31.0,33.0,34.0,31.0,5
data/marbling_dataset_v2/L5/6.png,3.0,1.0,1.0,1.0,4.0,0.0,3.0,1.0,0.0,5.0,1.0,1.0,5
data/marbling_dataset_v2/L5/76.png,8.0,5.0,17.0,25.0,8.0,19.0,15.0,22.0,12.0,9.0,22.0,33.0,5
data/marbling_dataset_v2/L5/80.png,9.0,0.0,19.0,31.0,2.0,34.0,5.0,17.0,6.0,6.0,19.0,29.0,5
data/marbling_dataset_v2/L5/41.png,26.0,17.0,32.0,28.0,27.0,22.0,16.0,17.0,15.0,26.0,36.0,39.0,5
data/marbling_dataset_v2/L5/42.png,2.0,1.0,4.0,11.0,7.0,5.0,3.0,2.0,6.0,7.0,8.0,0.0,5
data/marbling_dataset_v2/L5/61.png,17.0,3.0,37.0,19.0,8.0,12.0,8.0,22.0,16.0,10.0,12.0,27.0,5
data/marbling_dataset_v2/L5/11.png,35.0,42.0,56.0,61.0,32.0,68.0,19.0,40.0,28.0,32.0,42.0,26.0,5
data/marbling_dataset_v2/L5/29.png,7.0,4.0,12.0,10.0,7.0,14.0,6.0,7.0,4.0,12.0,12.0,7.0,5
data/marbling_dataset_v2/L5/56.png,31.0,6.0,11.0,32.0,19.0,23.0,17.0,19.0,31.0,27.0,19.0,28.0,5
data/marbling_dataset_v2/L5/1.png,42.0,55.0,56.0,52.0,42.0,40.0,40.0,29.0,32.0,40.0,28.0,24.0,5
data/marbling_dataset_v2/L5/31.png,14.0,6.0,43.0,29.0,22.0,5.0,7.0,23.0,15.0,17.0,24.0,24.0,5
data/marbling_dataset_v2/L5/83.png,18.0,10.0,28.0,19.0,15.0,19.0,15.0,17.0,18.0,11.0,22.0,30.0,5
data/marbling_dataset_v2/L5/85.png,10.0,4.0,6.0,7.0,5.0,4.0,3.0,4.0,3.0,4.0,4.0,3.0,5
data/marbling_dataset_v2/L5/25.png,19.0,16.0,33.0,23.0,22.0,23.0,15.0,18.0,26.0,23.0,22.0,15.0,5
data/marbling_dataset_v2/L5/8.png,38.0,51.0,32.0,26.0,41.0,27.0,46.0,35.0,34.0,48.0,41.0,40.0,5
data/marbling_dataset_v2/L5/70.png,3.0,6.0,5.0,12.0,7.0,14.0,9.0,7.0,11.0,4.0,18.0,5.0,5
data/marbling_dataset_v2/L5/67.png,9.0,3.0,9.0,18.0,9.0,6.0,19.0,9.0,14.0,15.0,7.0,8.0,5
data/marbling_dataset_v2/L5/14.png,5.0,5.0,11.0,5.0,8.0,5.0,4.0,4.0,8.0,5.0,2.0,4.0,5
data/marbling_dataset_v2/L5/62.png,10.0,10.0,7.0,4.0,8.0,12.0,10.0,5.0,12.0,12.0,12.0,2.0,5
data/marbling_dataset_v2/L5/81.png,11.0,3.0,29.0,31.0,15.0,23.0,19.0,15.0,13.0,14.0,35.0,30.0,5
data/marbling_dataset_v2/L5/50.png,12.0,7.0,11.0,7.0,12.0,17.0,8.0,7.0,10.0,7.0,14.0,10.0,5
data/marbling_dataset_v2/L5/39.png,24.0,14.0,39.0,54.0,27.0,33.0,17.0,30.0,22.0,26.0,25.0,26.0,5
data/marbling_dataset_v2/L5/77.png,20.0,13.0,25.0,29.0,19.0,18.0,27.0,21.0,33.0,23.0,14.0,26.0,5
data/marbling_dataset_v2/L5/47.png,7.0,5.0,32.0,23.0,12.0,14.0,8.0,16.0,6.0,6.0,17.0,18.0,5
data/marbling_dataset_v2/L5/44.png,29.0,9.0,32.0,42.0,23.0,40.0,23.0,30.0,15.0,29.0,26.0,30.0,5
data/marbling_dataset_v2/L5/7.png,31.0,25.0,36.0,45.0,26.0,26.0,32.0,49.0,26.0,24.0,46.0,30.0,5
data/marbling_dataset_v2/L5/20.png,8.0,4.0,17.0,12.0,9.0,4.0,10.0,20.0,5.0,15.0,5.0,10.0,5
data/marbling_dataset_v2/L5/53.png,11.0,22.0,28.0,15.0,9.0,28.0,11.0,17.0,24.0,14.0,25.0,27.0,5
data/marbling_dataset_v2/L5/22.png,2.0,1.0,2.0,0.0,0.0,0.0,0.0,2.0,3.0,0.0,1.0,0.0,5
data/marbling_dataset_v2/L5/5.png,8.0,9.0,3.0,2.0,14.0,16.0,14.0,9.0,12.0,18.0,12.0,9.0,5
data/marbling_dataset_v2/L5/36.png,6.0,13.0,6.0,6.0,3.0,6.0,3.0,2.0,6.0,2.0,6.0,4.0,5
data/marbling_dataset_v2/L5/60.png,12.0,8.0,10.0,8.0,11.0,14.0,10.0,10.0,6.0,9.0,10.0,7.0,5
data/marbling_dataset_v2/L5/78.png,16.0,5.0,12.0,14.0,10.0,15.0,8.0,14.0,15.0,20.0,13.0,16.0,5
data/marbling_dataset_v2/L5/28.png,11.0,8.0,12.0,16.0,19.0,12.0,13.0,18.0,18.0,11.0,15.0,10.0,5
data/marbling_dataset_v2/L5/46.png,24.0,12.0,32.0,23.0,13.0,19.0,13.0,26.0,15.0,27.0,10.0,15.0,5
data/marbling_dataset_v2/L5/79.png,18.0,2.0,10.0,19.0,8.0,12.0,19.0,16.0,9.0,10.0,10.0,21.0,5
data/marbling_dataset_v2/L5/66.png,8.0,0.0,18.0,8.0,7.0,2.0,5.0,12.0,3.0,9.0,6.0,4.0,5
data/marbling_dataset_v2/L5/35.png,4.0,4.0,4.0,9.0,14.0,11.0,4.0,8.0,6.0,7.0,8.0,5.0,5
data/marbling_dataset_v2/L5/13.png,5.0,2.0,7.0,4.0,5.0,4.0,3.0,5.0,5.0,7.0,3.0,2.0,5
data/marbling_dataset_v2/L5/3.png,4.0,3.0,7.0,3.0,7.0,8.0,11.0,4.0,8.0,9.0,12.0,9.0,5
data/marbling_dataset_v2/L5/69.png,24.0,6.0,39.0,30.0,26.0,33.0,30.0,22.0,9.0,38.0,31.0,42.0,5
data/marbling_dataset_v2/L5/0.png,35.0,26.0,32.0,30.0,33.0,20.0,31.0,33.0,44.0,24.0,18.0,20.0,5
data/marbling_dataset_v2/L5/45.png,22.0,4.0,31.0,23.0,18.0,17.0,11.0,20.0,11.0,19.0,17.0,36.0,5
data/marbling_dataset_v2/L5/48.png,26.0,6.0,37.0,35.0,16.0,25.0,24.0,17.0,15.0,33.0,34.0,34.0,5
data/marbling_dataset_v2/L5/2.png,5.0,0.0,6.0,2.0,2.0,5.0,3.0,6.0,2.0,3.0,2.0,3.0,5
data/marbling_dataset_v2/L5/87.png,5.0,5.0,6.0,15.0,9.0,20.0,27.0,23.0,2.0,12.0,24.0,40.0,5
data/marbling_dataset_v2/L5/21.png,2.0,1.0,4.0,2.0,5.0,0.0,4.0,2.0,1.0,3.0,3.0,1.0,5
data/marbling_dataset_v2/L5/59.png,11.0,9.0,4.0,15.0,9.0,13.0,12.0,10.0,14.0,4.0,17.0,6.0,5
data/marbling_dataset_v2/L5/19.png,62.0,38.0,29.0,54.0,32.0,27.0,32.0,50.0,41.0,23.0,19.0,38.0,5
data/marbling_dataset_v2/L5/71.png,14.0,6.0,5.0,10.0,5.0,2.0,2.0,7.0,5.0,2.0,6.0,5.0,5
data/marbling_dataset_v2/L5/26.png,31.0,23.0,24.0,33.0,27.0,26.0,25.0,13.0,20.0,27.0,24.0,12.0,5
data/marbling_dataset_v2/L5/63.png,8.0,2.0,3.0,0.0,1.0,0.0,0.0,3.0,3.0,5.0,2.0,0.0,5
data/marbling_dataset_v2/L5/57.png,28.0,13.0,47.0,41.0,17.0,39.0,22.0,30.0,22.0,21.0,27.0,27.0,5
data/marbling_dataset_v2/L5/73.png,9.0,3.0,13.0,7.0,4.0,11.0,10.0,8.0,8.0,14.0,3.0,3.0,5
data/marbling_dataset_v2/L5/38.png,12.0,3.0,15.0,10.0,8.0,6.0,9.0,6.0,9.0,4.0,5.0,8.0,5
data/marbling_dataset_v2/L5/40.png,14.0,4.0,32.0,18.0,22.0,26.0,7.0,19.0,10.0,11.0,17.0,23.0,5
data/marbling_dataset_v2/L5/27.png,19.0,6.0,9.0,11.0,9.0,4.0,7.0,7.0,16.0,7.0,12.0,8.0,5
data/marbling_dataset_v2/L5/32.png,29.0,9.0,42.0,28.0,19.0,34.0,28.0,30.0,30.0,25.0,24.0,32.0,5
data/marbling_dataset_v2/L5/88.png,2.0,1.0,11.0,7.0,6.0,19.0,3.0,9.0,4.0,5.0,3.0,6.0,5
data/marbling_dataset_v2/L5/43.png,8.0,12.0,8.0,6.0,12.0,12.0,12.0,8.0,13.0,6.0,7.0,5.0,5
data/marbling_dataset_v2/L5/16.png,7.0,7.0,2.0,4.0,6.0,3.0,8.0,6.0,5.0,9.0,6.0,1.0,5
data/marbling_dataset_v2/L5/33.png,1.0,0.0,7.0,8.0,3.0,10.0,5.0,15.0,6.0,2.0,7.0,7.0,5
data/marbling_dataset_v2/L5/15.png,12.0,16.0,27.0,16.0,24.0,12.0,10.0,18.0,21.0,12.0,18.0,11.0,5
data/marbling_dataset_v2/L5/84.png,0.0,0.0,11.0,4.0,1.0,1.0,5.0,2.0,7.0,5.0,5.0,7.0,5
data/marbling_dataset_v2/L5/64.png,8.0,0.0,21.0,30.0,18.0,20.0,27.0,34.0,16.0,20.0,25.0,26.0,5
data/marbling_dataset_v2/L5/72.png,11.0,16.0,8.0,9.0,4.0,10.0,12.0,11.0,5.0,8.0,6.0,10.0,5
data/marbling_dataset_v2/L5/12.png,26.0,38.0,41.0,57.0,30.0,58.0,29.0,35.0,29.0,30.0,37.0,34.0,5
data/marbling_dataset_v2/L6/37.png,13.0,7.0,7.0,14.0,12.0,5.0,21.0,17.0,10.0,13.0,15.0,14.0,6
data/marbling_dataset_v2/L6/34.png,14.0,9.0,30.0,31.0,22.0,27.0,16.0,29.0,14.0,23.0,18.0,37.0,6
data/marbling_dataset_v2/L6/65.png,20.0,3.0,24.0,12.0,20.0,15.0,13.0,26.0,14.0,17.0,20.0,9.0,6
data/marbling_dataset_v2/L6/24.png,10.0,6.0,17.0,10.0,15.0,16.0,9.0,8.0,10.0,11.0,9.0,6.0,6
data/marbling_dataset_v2/L6/23.png,6.0,3.0,12.0,14.0,3.0,14.0,7.0,11.0,5.0,6.0,11.0,8.0,6
data/marbling_dataset_v2/L6/52.png,12.0,2.0,25.0,19.0,12.0,7.0,16.0,24.0,11.0,21.0,13.0,33.0,6
data/marbling_dataset_v2/L6/4.png,21.0,8.0,30.0,29.0,28.0,24.0,22.0,35.0,33.0,22.0,26.0,24.0,6
data/marbling_dataset_v2/L6/58.png,20.0,8.0,35.0,23.0,19.0,17.0,7.0,35.0,31.0,21.0,31.0,33.0,6
data/marbling_dataset_v2/L6/30.png,21.0,7.0,38.0,29.0,14.0,15.0,13.0,31.0,12.0,16.0,13.0,34.0,6
data/marbling_dataset_v2/L6/51.png,10.0,6.0,21.0,23.0,16.0,13.0,26.0,14.0,17.0,17.0,15.0,24.0,6
data/marbling_dataset_v2/L6/10.png,13.0,17.0,19.0,23.0,17.0,11.0,34.0,23.0,22.0,21.0,23.0,16.0,6
data/marbling_dataset_v2/L6/49.png,17.0,15.0,16.0,30.0,9.0,25.0,11.0,24.0,18.0,11.0,21.0,28.0,6
data/marbling_dataset_v2/L6/9.png,47.0,23.0,43.0,32.0,16.0,47.0,30.0,56.0,18.0,22.0,30.0,25.0,6
data/marbling_dataset_v2/L6/68.png,34.0,15.0,52.0,28.0,23.0,23.0,36.0,35.0,22.0,26.0,32.0,26.0,6
data/marbling_dataset_v2/L6/55.png,16.0,8.0,12.0,12.0,11.0,14.0,8.0,27.0,15.0,15.0,13.0,31.0,6
data/marbling_dataset_v2/L6/54.png,11.0,6.0,28.0,37.0,7.0,31.0,22.0,21.0,9.0,13.0,44.0,36.0,6
data/marbling_dataset_v2/L6/17.png,16.0,14.0,22.0,17.0,18.0,9.0,7.0,19.0,28.0,15.0,23.0,8.0,6
data/marbling_dataset_v2/L6/18.png,17.0,18.0,13.0,19.0,15.0,8.0,8.0,13.0,21.0,15.0,13.0,10.0,6
data/marbling_dataset_v2/L6/6.png,40.0,23.0,44.0,56.0,27.0,34.0,17.0,42.0,11.0,18.0,28.0,24.0,6
data/marbling_dataset_v2/L6/41.png,26.0,9.0,36.0,49.0,27.0,36.0,25.0,42.0,30.0,35.0,31.0,28.0,6
data/marbling_dataset_v2/L6/42.png,9.0,5.0,9.0,18.0,6.0,7.0,8.0,17.0,8.0,7.0,14.0,12.0,6
data/marbling_dataset_v2/L6/61.png,8.0,5.0,6.0,4.0,4.0,3.0,12.0,5.0,6.0,4.0,1.0,1.0,6
data/marbling_dataset_v2/L6/11.png,18.0,14.0,24.0,34.0,24.0,26.0,37.0,32.0,24.0,28.0,27.0,23.0,6
data/marbling_dataset_v2/L6/29.png,19.0,9.0,40.0,28.0,24.0,18.0,23.0,27.0,21.0,19.0,25.0,31.0,6
data/marbling_dataset_v2/L6/56.png,16.0,5.0,29.0,26.0,15.0,25.0,6.0,18.0,15.0,12.0,20.0,19.0,6
data/marbling_dataset_v2/L6/1.png,59.0,33.0,65.0,56.0,22.0,56.0,26.0,54.0,30.0,24.0,35.0,29.0,6
data/marbling_dataset_v2/L6/31.png,16.0,22.0,25.0,25.0,16.0,27.0,10.0,26.0,21.0,11.0,17.0,18.0,6
data/marbling_dataset_v2/L6/25.png,7.0,1.0,15.0,5.0,11.0,14.0,10.0,3.0,12.0,16.0,16.0,9.0,6
data/marbling_dataset_v2/L6/8.png,0.0,0.0,2.0,0.0,1.0,1.0,1.0,2.0,2.0,1.0,1.0,0.0,6
data/marbling_dataset_v2/L6/67.png,6.0,1.0,15.0,14.0,6.0,12.0,19.0,23.0,10.0,11.0,10.0,18.0,6
data/marbling_dataset_v2/L6/14.png,8.0,15.0,12.0,14.0,12.0,18.0,19.0,18.0,23.0,14.0,13.0,12.0,6
data/marbling_dataset_v2/L6/62.png,6.0,7.0,11.0,18.0,13.0,20.0,10.0,16.0,14.0,16.0,22.0,24.0,6
data/marbling_dataset_v2/L6/50.png,11.0,4.0,24.0,28.0,11.0,20.0,8.0,21.0,11.0,15.0,22.0,22.0,6
data/marbling_dataset_v2/L6/39.png,13.0,6.0,38.0,25.0,12.0,26.0,15.0,31.0,9.0,12.0,24.0,32.0,6
data/marbling_dataset_v2/L6/47.png,14.0,4.0,37.0,22.0,14.0,21.0,15.0,18.0,23.0,13.0,18.0,28.0,6
data/marbling_dataset_v2/L6/44.png,12.0,3.0,10.0,10.0,9.0,6.0,6.0,10.0,4.0,8.0,12.0,6.0,6
data/marbling_dataset_v2/L6/7.png,0.0,2.0,1.0,1.0,2.0,3.0,2.0,0.0,1.0,1.0,2.0,0.0,6
data/marbling_dataset_v2/L6/20.png,21.0,9.0,21.0,16.0,12.0,16.0,15.0,15.0,17.0,10.0,14.0,23.0,6
data/marbling_dataset_v2/L6/53.png,7.0,5.0,16.0,15.0,17.0,10.0,11.0,13.0,22.0,13.0,12.0,8.0,6
data/marbling_dataset_v2/L6/22.png,10.0,12.0,18.0,13.0,20.0,15.0,17.0,10.0,10.0,9.0,8.0,11.0,6
data/marbling_dataset_v2/L6/5.png,15.0,9.0,21.0,31.0,16.0,20.0,15.0,19.0,6.0,11.0,26.0,20.0,6
data/marbling_dataset_v2/L6/36.png,16.0,16.0,40.0,45.0,13.0,40.0,19.0,30.0,23.0,32.0,26.0,51.0,6
data/marbling_dataset_v2/L6/60.png,10.0,6.0,32.0,25.0,11.0,25.0,14.0,22.0,13.0,17.0,23.0,28.0,6
data/marbling_dataset_v2/L6/28.png,13.0,7.0,30.0,16.0,11.0,20.0,4.0,19.0,9.0,9.0,15.0,16.0,6
data/marbling_dataset_v2/L6/46.png,8.0,3.0,23.0,23.0,8.0,21.0,16.0,25.0,9.0,13.0,14.0,32.0,6
data/marbling_dataset_v2/L6/66.png,23.0,11.0,37.0,40.0,23.0,32.0,16.0,38.0,18.0,18.0,24.0,33.0,6
data/marbling_dataset_v2/L6/35.png,20.0,11.0,30.0,31.0,12.0,26.0,22.0,17.0,23.0,13.0,22.0,23.0,6
data/marbling_dataset_v2/L6/13.png,14.0,9.0,20.0,43.0,18.0,17.0,40.0,41.0,32.0,28.0,33.0,33.0,6
data/marbling_dataset_v2/L6/3.png,15.0,15.0,6.0,21.0,5.0,21.0,3.0,17.0,12.0,5.0,4.0,7.0,6
data/marbling_dataset_v2/L6/0.png,6.0,6.0,19.0,18.0,13.0,21.0,10.0,19.0,9.0,8.0,15.0,11.0,6
data/marbling_dataset_v2/L6/45.png,14.0,3.0,20.0,18.0,14.0,14.0,19.0,18.0,9.0,21.0,10.0,19.0,6
data/marbling_dataset_v2/L6/48.png,10.0,1.0,26.0,22.0,10.0,21.0,9.0,24.0,4.0,11.0,16.0,25.0,6
data/marbling_dataset_v2/L6/2.png,6.0,2.0,12.0,10.0,7.0,14.0,2.0,2.0,2.0,10.0,8.0,7.0,6
data/marbling_dataset_v2/L6/21.png,5.0,6.0,18.0,18.0,11.0,13.0,12.0,15.0,16.0,18.0,17.0,10.0,6
data/marbling_dataset_v2/L6/59.png,18.0,21.0,30.0,33.0,25.0,30.0,23.0,15.0,11.0,29.0,20.0,33.0,6
data/marbling_dataset_v2/L6/19.png,8.0,8.0,12.0,10.0,20.0,14.0,14.0,8.0,17.0,18.0,24.0,17.0,6
data/marbling_dataset_v2/L6/26.png,5.0,2.0,3.0,9.0,1.0,2.0,4.0,7.0,2.0,0.0,1.0,5.0,6
data/marbling_dataset_v2/L6/63.png,23.0,9.0,35.0,31.0,26.0,21.0,20.0,24.0,14.0,21.0,26.0,21.0,6
data/marbling_dataset_v2/L6/57.png,22.0,19.0,29.0,18.0,23.0,12.0,17.0,25.0,24.0,19.0,31.0,32.0,6
data/marbling_dataset_v2/L6/38.png,24.0,11.0,30.0,34.0,25.0,15.0,21.0,24.0,34.0,26.0,31.0,41.0,6
data/marbling_dataset_v2/L6/40.png,14.0,8.0,27.0,33.0,16.0,29.0,16.0,23.0,9.0,18.0,25.0,43.0,6
data/marbling_dataset_v2/L6/27.png,18.0,14.0,35.0,28.0,24.0,27.0,17.0,26.0,22.0,21.0,18.0,30.0,6
data/marbling_dataset_v2/L6/32.png,16.0,3.0,28.0,22.0,8.0,28.0,9.0,30.0,7.0,21.0,22.0,16.0,6
data/marbling_dataset_v2/L6/43.png,18.0,23.0,13.0,27.0,13.0,14.0,22.0,26.0,29.0,27.0,18.0,17.0,6
data/marbling_dataset_v2/L6/16.png,9.0,12.0,7.0,21.0,8.0,9.0,15.0,10.0,11.0,9.0,12.0,13.0,6
data/marbling_dataset_v2/L6/33.png,18.0,11.0,40.0,33.0,19.0,33.0,19.0,20.0,16.0,14.0,18.0,18.0,6
data/marbling_dataset_v2/L6/15.png,13.0,13.0,17.0,10.0,16.0,6.0,11.0,15.0,15.0,16.0,8.0,4.0,6
data/marbling_dataset_v2/L6/64.png,5.0,8.0,10.0,7.0,10.0,10.0,3.0,5.0,3.0,5.0,5.0,2.0,6
data/marbling_dataset_v2/L6/12.png,10.0,2.0,19.0,11.0,7.0,11.0,5.0,12.0,8.0,12.0,6.0,20.0,6
data/marbling_dataset_v2/L7/37.png,17.0,24.0,17.0,25.0,18.0,22.0,28.0,15.0,28.0,18.0,28.0,12.0,7
data/marbling_dataset_v2/L7/34.png,19.0,7.0,29.0,25.0,11.0,22.0,9.0,28.0,25.0,12.0,20.0,33.0,7
data/marbling_dataset_v2/L7/65.png,29.0,21.0,29.0,23.0,25.0,25.0,26.0,28.0,26.0,24.0,19.0,21.0,7
data/marbling_dataset_v2/L7/24.png,21.0,41.0,20.0,32.0,32.0,31.0,29.0,19.0,32.0,38.0,33.0,19.0,7
data/marbling_dataset_v2/L7/23.png,56.0,26.0,25.0,38.0,36.0,21.0,21.0,25.0,61.0,31.0,25.0,21.0,7
data/marbling_dataset_v2/L7/52.png,5.0,1.0,17.0,12.0,21.0,15.0,11.0,15.0,5.0,9.0,18.0,9.0,7
data/marbling_dataset_v2/L7/4.png,2.0,2.0,1.0,0.0,2.0,1.0,4.0,3.0,4.0,2.0,1.0,4.0,7
data/marbling_dataset_v2/L7/58.png,10.0,12.0,42.0,25.0,16.0,33.0,28.0,19.0,25.0,24.0,26.0,26.0,7
data/marbling_dataset_v2/L7/30.png,35.0,42.0,26.0,30.0,31.0,32.0,27.0,25.0,37.0,37.0,46.0,16.0,7
data/marbling_dataset_v2/L7/51.png,19.0,5.0,30.0,28.0,22.0,17.0,17.0,20.0,27.0,30.0,16.0,24.0,7
data/marbling_dataset_v2/L7/10.png,36.0,47.0,50.0,51.0,37.0,44.0,55.0,32.0,26.0,43.0,53.0,26.0,7
data/marbling_dataset_v2/L7/49.png,17.0,6.0,29.0,32.0,13.0,21.0,10.0,20.0,22.0,20.0,10.0,21.0,7
data/marbling_dataset_v2/L7/9.png,36.0,83.0,25.0,38.0,53.0,26.0,47.0,32.0,61.0,36.0,40.0,14.0,7
data/marbling_dataset_v2/L7/68.png,6.0,7.0,33.0,18.0,8.0,15.0,9.0,27.0,15.0,20.0,19.0,16.0,7
data/marbling_dataset_v2/L7/55.png,22.0,13.0,22.0,27.0,20.0,27.0,33.0,42.0,21.0,25.0,24.0,35.0,7
data/marbling_dataset_v2/L7/54.png,6.0,11.0,27.0,24.0,9.0,18.0,17.0,9.0,4.0,18.0,29.0,22.0,7
data/marbling_dataset_v2/L7/17.png,21.0,9.0,35.0,30.0,22.0,16.0,23.0,24.0,17.0,22.0,21.0,24.0,7
data/marbling_dataset_v2/L7/18.png,14.0,10.0,22.0,15.0,21.0,16.0,15.0,15.0,17.0,27.0,8.0,17.0,7
data/marbling_dataset_v2/L7/6.png,30.0,32.0,41.0,35.0,34.0,31.0,34.0,44.0,35.0,49.0,41.0,27.0,7
data/marbling_dataset_v2/L7/41.png,26.0,10.0,43.0,36.0,19.0,37.0,26.0,32.0,17.0,43.0,22.0,36.0,7
data/marbling_dataset_v2/L7/42.png,24.0,14.0,34.0,36.0,25.0,34.0,35.0,29.0,33.0,24.0,49.0,36.0,7
data/marbling_dataset_v2/L7/61.png,7.0,7.0,35.0,24.0,10.0,22.0,25.0,9.0,11.0,21.0,29.0,33.0,7
data/marbling_dataset_v2/L7/11.png,45.0,37.0,52.0,42.0,26.0,50.0,38.0,38.0,27.0,37.0,46.0,29.0,7
data/marbling_dataset_v2/L7/29.png,18.0,12.0,28.0,15.0,19.0,11.0,9.0,14.0,11.0,15.0,26.0,7.0,7
data/marbling_dataset_v2/L7/56.png,19.0,8.0,24.0,28.0,9.0,23.0,22.0,28.0,22.0,21.0,32.0,30.0,7
data/marbling_dataset_v2/L7/1.png,18.0,31.0,24.0,17.0,29.0,21.0,35.0,26.0,17.0,27.0,37.0,26.0,7
data/marbling_dataset_v2/L7/31.png,15.0,7.0,9.0,12.0,14.0,8.0,11.0,11.0,16.0,12.0,9.0,4.0,7
data/marbling_dataset_v2/L7/25.png,13.0,12.0,9.0,11.0,27.0,5.0,19.0,12.0,18.0,17.0,12.0,9.0,7
data/marbling_dataset_v2/L7/8.png,43.0,59.0,40.0,39.0,30.0,48.0,48.0,30.0,28.0,32.0,53.0,33.0,7
data/marbling_dataset_v2/L7/70.png,21.0,4.0,38.0,32.0,4.0,26.0,13.0,21.0,10.0,9.0,17.0,28.0,7
data/marbling_dataset_v2/L7/67.png,13.0,3.0,24.0,18.0,14.0,16.0,7.0,25.0,6.0,25.0,13.0,32.0,7
data/marbling_dataset_v2/L7/14.png,31.0,28.0,40.0,31.0,34.0,38.0,30.0,17.0,31.0,40.0,40.0,22.0,7
data/marbling_dataset_v2/L7/62.png,16.0,4.0,34.0,20.0,13.0,27.0,9.0,28.0,19.0,22.0,38.0,17.0,7
data/marbling_dataset_v2/L7/50.png,12.0,4.0,18.0,26.0,8.0,11.0,15.0,17.0,11.0,14.0,26.0,26.0,7
data/marbling_dataset_v2/L7/39.png,23.0,13.0,32.0,25.0,18.0,32.0,27.0,30.0,15.0,29.0,22.0,25.0,7
data/marbling_dataset_v2/L7/47.png,10.0,23.0,11.0,8.0,13.0,21.0,19.0,7.0,14.0,8.0,14.0,22.0,7
data/marbling_dataset_v2/L7/44.png,32.0,17.0,37.0,40.0,23.0,24.0,19.0,45.0,21.0,37.0,22.0,42.0,7
data/marbling_dataset_v2/L7/7.png,23.0,13.0,35.0,37.0,25.0,34.0,42.0,41.0,37.0,40.0,27.0,38.0,7
data/marbling_dataset_v2/L7/20.png,16.0,3.0,19.0,14.0,10.0,16.0,6.0,8.0,7.0,7.0,13.0,9.0,7
data/marbling_dataset_v2/L7/53.png,6.0,3.0,19.0,17.0,13.0,11.0,17.0,21.0,18.0,12.0,9.0,21.0,7
data/marbling_dataset_v2/L7/22.png,44.0,26.0,22.0,36.0,21.0,29.0,29.0,28.0,25.0,19.0,17.0,24.0,7
data/marbling_dataset_v2/L7/5.png,18.0,22.0,21.0,11.0,13.0,16.0,22.0,19.0,25.0,17.0,23.0,13.0,7
data/marbling_dataset_v2/L7/36.png,26.0,15.0,25.0,29.0,20.0,28.0,17.0,34.0,19.0,24.0,34.0,48.0,7
data/marbling_dataset_v2/L7/60.png,36.0,19.0,27.0,38.0,31.0,25.0,30.0,18.0,28.0,34.0,25.0,26.0,7
data/marbling_dataset_v2/L7/28.png,19.0,31.0,21.0,19.0,27.0,29.0,19.0,17.0,34.0,22.0,22.0,19.0,7
data/marbling_dataset_v2/L7/46.png,22.0,10.0,38.0,41.0,19.0,31.0,16.0,29.0,14.0,26.0,39.0,24.0,7
data/marbling_dataset_v2/L7/66.png,15.0,12.0,21.0,19.0,16.0,27.0,20.0,25.0,17.0,16.0,26.0,37.0,7
data/marbling_dataset_v2/L7/35.png,23.0,13.0,12.0,17.0,34.0,26.0,34.0,14.0,25.0,20.0,24.0,21.0,7
data/marbling_dataset_v2/L7/13.png,48.0,53.0,28.0,39.0,43.0,36.0,58.0,16.0,26.0,51.0,51.0,31.0,7
data/marbling_dataset_v2/L7/3.png,1.0,2.0,0.0,0.0,1.0,2.0,0.0,0.0,1.0,0.0,3.0,0.0,7
data/marbling_dataset_v2/L7/69.png,15.0,5.0,26.0,14.0,17.0,23.0,9.0,20.0,9.0,12.0,23.0,25.0,7
data/marbling_dataset_v2/L7/0.png,16.0,19.0,18.0,22.0,19.0,22.0,19.0,13.0,31.0,27.0,27.0,16.0,7
data/marbling_dataset_v2/L7/45.png,24.0,15.0,42.0,29.0,21.0,27.0,18.0,30.0,24.0,27.0,39.0,47.0,7
data/marbling_dataset_v2/L7/48.png,13.0,2.0,22.0,19.0,16.0,23.0,18.0,12.0,17.0,20.0,21.0,28.0,7
data/marbling_dataset_v2/L7/2.png,4.0,8.0,4.0,9.0,11.0,12.0,2.0,7.0,5.0,4.0,7.0,12.0,7
data/marbling_dataset_v2/L7/21.png,38.0,13.0,24.0,23.0,26.0,19.0,12.0,24.0,40.0,23.0,19.0,16.0,7
data/marbling_dataset_v2/L7/59.png,22.0,6.0,22.0,32.0,20.0,16.0,34.0,26.0,17.0,21.0,22.0,25.0,7
data/marbling_dataset_v2/L7/19.png,12.0,6.0,14.0,10.0,3.0,8.0,14.0,9.0,10.0,4.0,9.0,9.0,7
data/marbling_dataset_v2/L7/71.png,9.0,1.0,28.0,29.0,4.0,22.0,9.0,18.0,9.0,14.0,10.0,28.0,7
data/marbling_dataset_v2/L7/26.png,14.0,10.0,18.0,32.0,32.0,28.0,17.0,23.0,26.0,31.0,15.0,9.0,7
data/marbling_dataset_v2/L7/63.png,23.0,6.0,25.0,31.0,16.0,20.0,20.0,27.0,17.0,23.0,34.0,41.0,7
data/marbling_dataset_v2/L7/57.png,22.0,28.0,34.0,33.0,21.0,28.0,39.0,25.0,27.0,23.0,39.0,15.0,7
data/marbling_dataset_v2/L7/38.png,32.0,21.0,11.0,9.0,18.0,21.0,18.0,25.0,19.0,20.0,25.0,15.0,7
data/marbling_dataset_v2/L7/40.png,36.0,16.0,29.0,23.0,15.0,24.0,20.0,36.0,16.0,23.0,19.0,43.0,7
data/marbling_dataset_v2/L7/27.png,26.0,24.0,14.0,16.0,27.0,21.0,31.0,20.0,28.0,17.0,20.0,17.0,7
data/marbling_dataset_v2/L7/32.png,23.0,10.0,34.0,23.0,21.0,25.0,27.0,12.0,19.0,22.0,21.0,22.0,7
data/marbling_dataset_v2/L7/43.png,17.0,19.0,23.0,21.0,26.0,25.0,27.0,19.0,32.0,16.0,19.0,20.0,7
data/marbling_dataset_v2/L7/16.png,39.0,49.0,17.0,25.0,46.0,26.0,19.0,19.0,30.0,32.0,30.0,16.0,7
data/marbling_dataset_v2/L7/33.png,19.0,12.0,39.0,28.0,16.0,21.0,13.0,21.0,15.0,25.0,17.0,33.0,7
data/marbling_dataset_v2/L7/15.png,56.0,63.0,45.0,41.0,23.0,61.0,33.0,30.0,37.0,36.0,48.0,27.0,7
data/marbling_dataset_v2/L7/64.png,29.0,20.0,41.0,19.0,30.0,18.0,23.0,24.0,43.0,29.0,27.0,21.0,7
data/marbling_dataset_v2/L7/12.png,41.0,44.0,40.0,33.0,31.0,49.0,38.0,37.0,21.0,39.0,45.0,30.0,7
